ID,Gender,PHI,MHI,FI,LD,SCI,UE,TI,APM
1711182,m,y,n,y,y,n,y,n,5
2312321,f,n,n,y,y,y,y,n,4
1510645,f,y,y,n,n,y,n,y,1
2311271,m,y,n,y,n,y,y,y,5
2211591,m,y,y,n,n,y,n,n,3
2312045,m,n,n,y,n,n,n,y,4
2211247,m,y,y,n,n,y,y,y,4
1912829,f,n,n,y,y,n,y,y,5
2013054,f,n,y,n,y,y,n,n,1
1621138,m,n,n,y,y,y,y,y,1
1711471,m,y,n,n,n,n,n,n,2
1911511,f,y,y,y,n,y,n,y,3
2211362,f,n,n,y,y,n,y,y,4
1611593,f,n,n,y,n,y,n,n,1
2311790,m,y,n,n,y,n,n,y,5
2311024,m,n,y,n,n,y,y,y,4
2211409,m,y,n,n,y,n,n,y,3
2311457,m,n,n,n,n,y,n,n,4
2211480,m,y,y,y,y,y,y,y,9
2211449,m,y,n,n,n,y,y,n,2
2311028,f,y,y,y,y,y,y,y,9
1711321,f,n,y,n,n,y,n,y,2
1712066,f,n,y,n,y,y,n,n,5
2211220,m,n,n,y,n,n,y,n,3
2211508,m,n,y,n,n,y,n,y,5
2211172,m,y,n,y,n,y,n,y,3
2211181,m,n,y,n,y,n,y,n,4
1721222,f,y,n,y,n,y,n,y,5
2013273,m,n,y,n,y,n,y,n,3
2311911,m,y,n,y,n,y,n,y,2
2211290,f,n,y,n,y,n,y,n,4
2311800,m,y,n,y,n,y,n,y,3
1721145,m,n,y,n,y,n,y,n,5
2311049,m,n,y,n,y,n,y,n,3
2311827,f,y,n,y,n,y,n,y,4
2312276,m,n,y,n,y,n,y,n,5
1635016,m,y,n,y,n,y,n,y,3
2013334,f,n,y,n,y,n,y,n,4
2211207,f,y,n,y,n,y,n,y,3
2311855,m,n,y,n,y,n,y,n,1
2211460,f,n,y,n,n,y,n,n,2
1711211,m,y,y,n,y,n,n,n,3
2311465,m,y,n,y,y,n,y,y,4
1620610,m,n,y,n,y,n,y,n,1
2211458,f,y,n,y,n,y,n,y,5
2311414,m,n,y,n,y,n,y,n,6
1330275,m,y,n,y,n,y,n,y,3
2211452,m,n,y,n,y,n,y,n,4
2312053,m,y,n,y,n,y,n,y,3
1310671,m,n,y,n,y,n,y,n,1
2132179,f,n,y,n,n,y,n,n,2
2211447,m,y,y,n,y,n,n,n,3
2311213,m,y,n,y,y,n,y,y,4
2312130,m,n,y,n,y,n,y,n,1
2312270,m,n,n,n,y,y,n,y,5
2311980,f,y,n,y,y,n,y,n,5
2312069,f,n,n,y,y,y,y,n,4
2211099,m,y,y,n,n,y,n,y,1
1712000,f,y,n,y,n,y,y,y,5
2311849,m,y,y,n,n,y,n,n,3
2312133,m,n,n,y,n,n,n,y,4
2311354,f,y,y,n,n,y,y,y,4
2311974,m,n,n,y,y,n,y,y,5
2312189,f,n,y,n,y,y,n,n,1
1612553,m,n,n,y,y,y,y,y,1
2211253,f,y,n,n,n,n,n,n,2
2312266,m,y,y,y,n,y,n,y,3
1611035,f,n,n,y,y,n,y,y,4
2312088,m,n,n,y,n,y,n,n,1
2211163,f,y,n,n,y,n,n,y,5
2311466,m,n,y,n,n,y,y,y,4
1612344,f,y,n,n,y,n,n,y,3
2211125,m,n,n,n,n,y,n,n,4
1631720,m,y,y,y,y,y,y,y,3
2013209,f,y,n,n,n,y,y,n,2
2211486,m,y,y,y,y,y,y,y,1
2211274,f,n,y,n,n,y,n,y,2
2311950,m,n,y,n,y,y,n,n,1
1811469,m,n,n,y,y,y,y,y,1
1821895,m,y,n,n,n,n,n,n,2
2311460,m,y,y,y,n,y,n,y,3
2211201,m,n,n,y,y,n,y,y,4
2311938,m,n,n,y,n,y,n,n,1
2211393,m,y,n,n,y,n,n,y,5
2211065,f,n,y,n,n,y,y,y,4
2311984,m,y,n,n,y,n,n,y,3
2312097,f,n,y,n,y,n,y,n,5
2311816,m,y,n,y,n,y,n,y,3
2211513,m,n,y,n,y,n,y,n,4
2311442,m,y,n,y,n,y,n,y,3
2311358,m,n,y,n,y,n,y,n,1
1611409,m,n,y,n,n,y,n,n,2
2012121,m,y,y,n,y,n,n,n,3
2311286,f,y,n,y,y,n,y,y,4
2311346,m,n,y,n,y,n,y,n,1
2211130,m,y,n,y,n,y,n,y,5
2312085,m,n,y,n,y,n,y,n,6
2311422,f,y,n,y,n,y,n,y,3
2311345,m,y,y,n,n,y,n,n,3
2211093,m,n,n,y,n,n,n,y,4
1431225,f,y,y,n,n,y,y,y,4
2311370,m,n,n,y,y,n,y,y,5
2325571,f,n,y,n,y,y,n,n,1
2211502,m,n,n,y,y,y,y,y,1
2013946,f,y,n,n,n,n,n,n,2
2211317,f,y,y,y,n,y,n,y,3
2311857,f,n,n,y,y,n,y,y,4
1711406,m,n,n,y,n,y,n,n,1
2311927,f,y,n,n,y,n,n,y,5
1611063,f,n,y,n,n,y,y,y,4
2312277,f,y,n,n,y,n,n,y,3
1721542,m,n,n,n,n,y,n,n,4
1620740,f,n,y,n,y,n,n,y,1
2131615,m,n,y,n,n,y,n,n,4
2311048,f,n,n,n,y,n,y,n,5
2312264,f,n,y,y,y,y,n,n,6
2312064,f,y,n,y,y,n,n,n,2
2011609,m,y,y,n,n,n,y,n,5
2013820,m,y,y,y,y,n,y,n,1
2232865,m,n,n,n,n,n,n,n,4
2311195,f,n,y,n,y,n,y,y,1
2012932,f,y,n,y,y,y,n,y,5
2312209,f,n,y,n,n,y,y,n,4
1611264,f,y,n,n,y,y,y,y,3
1430413,m,n,y,y,y,n,n,n,4
2311277,m,y,n,n,y,n,y,n,1
2311191,f,n,y,n,n,y,n,y,4
2211369,f,y,n,n,n,n,y,n,1
2211229,m,n,n,y,n,y,n,n,5
2211574,m,y,n,y,n,n,y,y,6
1310070,f,n,n,n,n,y,y,y,3
2211063,f,y,n,y,y,n,n,n,3
2311865,m,y,y,n,y,y,n,y,4
1631893,m,n,y,y,n,n,y,y,4
2211444,f,y,y,y,y,y,n,y,5
2312294,m,n,y,y,y,y,y,y,1
1831780,m,n,n,n,n,n,n,n,1
1520077,m,y,y,n,y,n,y,n,2
2312138,f,n,y,y,n,y,y,y,3
2211273,m,n,y,n,y,n,n,n,4
2011851,m,n,n,y,n,n,y,y,1
2312220,f,y,n,n,y,y,y,n,5
2311034,m,n,n,y,n,n,y,y,4
2211340,m,n,n,n,y,n,n,n,3
1921217,m,y,n,y,n,n,y,y,4
2211560,m,y,n,n,y,n,n,n,1
2312250,m,n,n,y,n,y,n,y,4
2211167,f,y,y,y,y,n,n,y,1
2012897,f,n,y,y,n,n,n,y,3
2311477,m,y,n,n,n,y,n,n,4
2211182,m,y,y,y,n,y,n,y,3
2211489,m,n,n,n,n,n,n,n,2
1420098,m,n,n,y,y,y,y,n,6
2312159,m,n,y,n,y,y,n,n,2
2311367,f,n,y,y,n,n,n,y,5
2312287,f,n,y,y,y,y,n,y,1
2312125,m,y,n,n,n,n,n,n,4
2312050,m,y,n,y,n,y,n,y,1
2211537,m,n,y,n,y,y,y,n,5
2132492,m,y,n,y,n,n,y,y,4
2211333,m,n,y,n,n,y,y,y,3
2325577,m,n,n,y,y,y,n,n,4
1320399,f,y,y,n,n,y,n,y,1
2022412,f,n,n,y,n,n,y,n,4
2311469,m,n,y,n,n,n,n,y,1
2311352,m,y,n,n,y,n,y,n,5
2311396,m,n,y,n,y,n,n,y,6
1831099,f,n,n,n,n,n,y,y,3
1721053,m,n,y,n,y,y,n,n,3
2211091,m,y,y,y,n,y,y,n,4
2325552,f,y,n,y,y,n,n,y,4
1911703,m,n,y,y,y,y,y,n,5
2211429,f,y,n,y,y,y,y,y,1
2311458,m,n,n,n,n,n,n,n,1
2311877,m,y,n,y,n,y,y,n,2
2312303,f,y,y,n,n,n,n,y,1
1912290,m,y,n,n,y,n,y,n,3
1620783,m,n,y,n,y,n,n,y,1
2211402,m,n,y,n,y,n,y,n,1
1620783,m,n,y,n,n,y,n,n,2
2311963,f,y,y,n,y,n,n,n,3
2312285,m,y,n,y,y,n,y,y,4
1931324,m,n,y,n,y,n,y,n,1
2311446,m,y,n,y,n,y,n,y,5
2012220,m,n,n,n,y,n,y,n,2
1912733,m,y,n,y,n,n,n,y,3
2311891,m,y,y,n,n,y,n,n,3
2211267,m,n,n,y,n,n,n,y,4
2311044,m,y,n,n,n,y,y,y,4
2125019,m,n,n,y,y,n,y,y,5
1821033,f,n,y,n,y,y,n,n,1
2211365,m,n,n,y,n,y,y,y,1
2311400,m,y,n,n,n,n,n,y,3
2211283,m,y,y,y,n,n,n,y,1
2311419,m,n,n,y,y,n,y,y,4
2211272,f,n,n,y,n,y,n,n,1
1612771,f,y,n,n,y,n,n,y,5
2311922,m,n,n,y,n,n,n,y,4
1813036,f,y,y,n,n,y,y,y,4
2211155,f,n,n,y,y,n,y,y,5
2311909,f,n,y,n,y,y,n,n,1
2211187,f,n,n,y,y,y,y,y,1
2211587,m,y,n,n,n,n,n,n,2
2211161,m,y,y,y,n,y,n,y,3
2031346,m,n,n,y,y,n,y,y,4
2311040,m,n,n,y,n,y,n,n,1
1620432,m,y,n,n,y,n,n,y,5
2211245,f,n,y,n,n,y,y,y,4
2021374,f,y,n,n,y,n,n,y,3
2311463,m,n,n,n,n,y,n,n,4
1712728,f,y,y,y,y,y,y,y,3
2311797,m,y,n,n,n,y,y,n,2
2311817,f,y,y,y,y,y,y,y,1
1610998,f,n,y,n,n,y,n,y,2
1721109,m,n,y,n,y,y,n,n,5
1421179,f,y,n,n,y,n,n,y,5
2311179,m,n,y,n,n,y,y,y,4
2325547,m,y,n,n,y,n,n,y,3
1715211,m,n,n,n,n,y,n,n,4
2311120,m,y,y,y,y,y,y,y,3
1611266,m,y,n,n,n,y,y,n,2
2211243,m,y,y,y,y,y,y,y,1
2211499,f,y,n,y,n,y,y,y,4
2312300,m,n,y,n,n,y,n,n,3
1521887,f,n,n,y,y,y,n,y,3
2311942,m,n,y,n,n,y,n,y,2
2312116,m,n,n,y,n,n,y,n,3
2211443,f,y,n,n,n,n,y,n,4
1721146,m,y,n,n,y,n,n,n,3
1712046,m,y,y,y,y,y,y,y,3
2211382,m,y,n,n,n,y,y,n,2
2311944,m,y,y,y,y,y,y,y,1
2312056,f,y,n,y,n,y,y,y,4
2311203,f,n,y,n,n,y,n,n,3
2011947,f,n,n,y,y,y,n,y,3
2311828,m,n,y,n,n,y,n,y,2
2211199,m,n,n,y,n,n,y,n,2
2312067,m,y,n,n,n,n,y,n,4
2211424,m,y,n,n,y,n,n,n,3
1612521,m,y,y,y,y,y,y,y,3
1521698,m,y,n,n,n,y,y,n,2
2312258,m,y,y,y,y,y,y,y,1
2312019,f,y,y,n,y,n,y,y,4
2312107,f,n,y,n,n,y,n,n,2
2211230,m,n,n,y,y,y,n,y,3
2211421,m,n,y,n,n,y,n,y,2
2211543,m,n,y,y,n,n,y,n,4
2211256,f,y,n,n,n,n,y,n,4
2312306,f,y,n,n,y,n,n,n,3
2312141,f,n,y,y,n,n,n,y,1
2311994,m,n,y,y,y,n,y,y,1
2312292,m,y,n,n,n,n,n,n,2
2311461,m,y,y,y,n,y,y,y,3
1610221,f,y,y,y,n,y,n,y,1
2312152,f,n,y,y,y,n,n,n,2
2211140,f,y,y,y,y,y,y,y,3
1712556,m,y,n,n,n,y,n,n,1
2013347,m,y,n,n,y,y,y,n,4
2311335,f,y,n,n,y,y,n,n,3
2211583,m,n,y,y,n,n,n,y,2
2211400,m,n,y,y,y,n,y,n,4
2211241,m,n,n,n,y,y,y,y,3
2211234,m,y,y,y,n,n,n,n,1
2312143,m,y,y,y,y,n,y,n,2
2011948,f,n,y,n,n,y,n,n,3
1821327,f,n,n,y,y,y,n,y,3
2311381,f,n,y,n,n,y,n,y,2
2211492,m,n,n,y,n,n,y,n,3
1530611,f,y,n,n,n,n,y,n,4
2311209,m,y,n,n,y,n,n,n,3
2311986,m,y,y,y,y,y,y,y,3
2211341,m,n,y,y,n,n,n,y,2
1310671,m,n,y,y,y,n,y,n,4
1621454,m,y,y,n,n,y,y,y,2
2325549,m,y,y,n,y,y,n,y,1
2211285,f,n,n,y,y,y,n,n,3
2312313,f,n,y,y,y,y,n,y,1
2211309,m,n,y,y,n,y,y,n,1
1610434,f,n,y,y,y,y,y,y,2
1610304,m,y,y,y,n,n,n,n,2
1010848,f,y,y,n,y,y,n,n,3
2211095,m,y,n,n,n,y,n,n,5
1430463,f,y,y,y,n,y,n,y,1
2211398,f,n,n,y,y,n,n,n,4
2022274,m,y,n,n,n,y,n,n,2
2012733,m,n,y,y,y,n,n,y,3
1612344,m,n,y,n,n,n,y,y,3
2211416,f,n,n,y,n,n,y,n,2
1632006,m,n,n,n,n,y,n,y,1
2311188,f,y,y,n,n,n,n,y,1
2311870,m,n,n,n,y,n,y,n,4
1430413,f,n,y,n,n,n,n,n,2
2211208,f,y,n,y,y,y,y,n,2
2211565,f,y,n,y,n,n,y,n,3
2211579,f,y,n,n,n,y,n,n,3
2233151,m,n,n,n,y,n,n,n,1
2211431,f,n,y,n,n,y,n,y,4
1931595,f,y,n,n,y,y,n,y,2
2211316,f,n,y,y,y,y,y,n,5
2211212,m,n,y,y,y,y,n,y,2
2211337,m,y,y,n,y,y,n,y,2
2312166,m,y,y,n,y,n,y,n,4
2211450,f,n,n,y,y,y,y,y,5
2325550,m,n,y,n,y,n,y,y,2
2211442,m,n,n,n,n,y,y,n,2
2111916,f,y,y,n,n,y,y,y,4
2311985,m,y,n,n,n,y,y,n,2
1611223,m,y,n,y,y,y,n,n,1
2312195,m,y,y,n,y,n,n,y,5
2311411,f,n,n,y,n,n,n,n,3
2211378,f,y,n,n,y,n,n,n,1
1711465,f,n,n,y,n,y,y,y,5
2312284,f,y,n,y,y,n,n,n,2
2132800,f,y,y,y,y,y,y,y,3
2312156,f,y,y,n,y,y,y,y,1
1521528,f,n,y,n,n,y,y,y,4
2211288,f,n,n,n,n,n,n,n,3
2013127,m,y,n,y,n,n,y,y,1
2312328,f,n,n,y,y,y,y,n,1
2312118,f,n,y,y,y,y,y,n,4
2311281,f,n,y,n,n,y,y,y,3
2311322,f,y,y,n,y,y,n,y,2
2311787,m,y,y,y,y,n,y,n,5
2312014,f,y,n,n,y,n,n,n,3
2211521,f,n,n,n,y,y,n,n,2
2312015,f,n,y,y,y,y,y,y,5
2025267,m,y,y,y,n,y,n,y,3
2211570,m,n,y,y,n,n,n,n,3
1931285,m,y,y,n,n,n,n,y,5
1511508,m,n,n,y,n,n,y,y,3
2211417,f,y,n,n,n,n,y,n,2
2311859,m,y,y,y,y,n,n,n,5
2211475,f,y,y,y,y,n,y,y,3
1921454,f,y,n,y,y,n,n,y,4
2312163,m,y,y,n,n,y,y,y,4
2211226,f,n,n,n,y,n,y,y,5
2312261,f,y,n,n,y,y,y,y,2
2311297,f,y,n,n,n,n,n,n,5
1612658,m,y,y,y,n,n,y,n,4
1521419,m,n,y,n,n,y,y,n,4
2311881,m,n,y,n,n,n,y,y,4
2211215,f,y,n,y,n,n,y,n,1
1711746,m,y,y,n,n,n,y,n,2
1831748,f,y,n,y,n,n,y,y,1
2311190,m,n,y,y,n,y,y,n,2
2311369,m,y,n,y,n,y,n,y,3
1922175,m,n,n,y,y,y,y,y,5
2211131,f,n,n,n,n,y,n,y,5
2312211,m,n,y,n,n,n,n,n,4
2311207,f,y,n,y,y,n,y,y,5
2311908,f,n,y,y,n,n,y,n,4
1711447,m,n,n,y,n,n,y,y,2
2311892,f,n,y,y,n,n,n,y,3
1520381,f,n,y,n,n,y,y,y,4
1530966,m,y,n,n,y,n,n,n,3
2311913,f,n,y,n,y,y,y,n,4
2312037,m,n,y,y,n,y,n,n,1
1912567,m,y,n,n,n,y,y,y,3
2011005,f,y,n,y,n,y,y,y,4
2311026,m,y,y,n,y,n,n,n,5
1330358,f,n,y,y,n,n,n,n,3
2311306,f,n,y,n,n,y,n,y,2
2011308,m,y,y,y,y,y,y,n,3
2312101,m,n,n,n,n,y,y,y,3
1610050,f,y,y,n,n,n,n,y,4
2312126,f,y,y,n,y,n,n,y,4
1611415,m,n,n,n,y,n,n,n,3
2312040,m,n,y,n,n,y,n,y,3
2211276,f,n,n,n,y,n,n,n,4
2031565,f,n,n,y,n,y,n,y,1
2312215,m,y,y,y,y,y,y,y,1
2311373,f,y,n,y,n,n,y,y,1
2312129,f,n,n,n,y,n,y,n,4
2312154,f,y,y,n,n,y,n,n,4
1612798,m,n,n,n,y,n,n,n,4
1712892,m,y,y,y,y,n,y,n,2
2211352,f,n,n,n,n,y,n,n,2
2021510,f,n,n,n,n,n,n,n,3
1520306,m,n,n,n,n,n,y,n,1
1632354,m,y,y,y,y,n,n,y,1
2311837,f,y,n,n,n,n,n,n,1
2311035,f,n,n,n,y,y,n,y,1
1611492,m,y,y,y,n,n,y,n,5
2311290,f,y,n,n,y,y,y,y,1
1511208,f,n,n,y,n,y,n,y,5
1721256,m,n,n,y,y,y,n,y,4
2311325,m,n,n,y,n,n,n,y,2
2013996,f,n,y,n,n,n,y,y,5
2311295,f,y,n,y,n,n,y,y,5
1510385,m,y,n,y,n,n,y,n,2
2211527,m,y,y,n,y,y,y,y,1
2311430,f,n,n,y,n,n,y,y,3
2311875,m,n,y,n,n,n,y,n,1
2211124,f,y,n,y,n,n,y,y,1
2311103,m,n,n,n,n,y,n,n,1
2311331,m,y,y,y,y,n,n,y,3
2312218,f,y,y,y,y,y,y,y,5
2211578,f,y,y,y,n,y,y,y,2
1611297,f,y,y,n,y,y,y,n,3
2012075,m,n,y,y,y,y,n,n,5
2311274,m,n,n,n,n,n,n,y,3
2312081,f,n,y,y,y,y,y,n,2
2211555,f,n,n,y,n,n,y,n,5
2211490,m,y,y,y,n,n,y,y,4
2211376,f,y,y,y,n,y,y,n,4
2211392,m,y,y,n,n,n,y,y,4
1631410,f,n,y,n,y,n,n,y,2
2231951,f,y,y,y,n,y,n,y,3
2311998,f,y,n,n,y,n,y,n,3
1711194,m,n,n,n,y,n,y,y,3
2312319,m,y,n,y,n,y,n,n,2
1921385,f,n,y,n,n,y,y,n,1
1620573,m,n,y,n,n,n,y,n,5
2312239,f,y,n,y,n,n,n,y,1
2232119,f,n,n,n,y,y,y,n,3
2211289,m,n,y,y,n,y,n,n,3
1610421,m,y,n,n,n,y,n,y,2
2312132,m,n,y,y,n,y,n,y,5
2211236,f,n,y,n,n,n,n,n,1
2211074,f,y,y,y,y,n,n,n,5
1411011,m,n,n,n,y,y,y,y,1
1510658,m,y,n,y,y,n,n,n,1
2011022,f,y,y,y,y,n,y,n,5
2211453,f,y,n,n,n,n,y,y,3
1612797,m,y,n,y,n,y,n,n,1
2211232,m,y,n,n,n,n,n,y,5
2211524,f,n,y,y,n,n,y,y,3
2311177,f,n,n,n,n,y,y,y,5
2012478,f,y,n,y,n,y,n,n,2
2312061,f,n,y,y,n,n,n,y,5
2211359,m,n,n,y,y,y,n,y,2
1711465,m,n,n,y,y,n,n,n,1
2211268,m,y,n,y,y,n,n,n,5
1620084,m,y,y,y,y,y,n,y,4
2312254,f,n,y,n,y,y,y,n,2
1610304,f,n,n,n,y,y,y,n,4
2022390,f,n,n,n,n,n,y,n,4
2031346,f,y,y,n,n,y,n,n,1
2013044,f,n,n,n,n,n,y,n,3
1611063,m,n,n,y,n,y,y,y,2
2211542,m,n,n,n,n,n,y,y,3
2211552,f,n,y,n,y,n,n,n,1
2022211,f,y,y,y,n,n,y,n,3
2232061,f,y,n,n,n,n,y,n,4
2312041,m,y,y,y,y,n,y,y,3
1612682,m,n,n,y,y,y,y,n,2
2211360,m,y,n,n,y,n,n,y,4
2312204,m,y,y,n,n,y,n,n,5
2311983,f,n,n,n,n,y,n,n,5
2325584,m,n,n,y,n,n,n,y,4
2312219,f,y,y,y,y,y,n,n,2
2012673,m,y,y,y,n,n,n,y,2
1510910,f,y,y,y,y,n,y,y,3
2311340,f,y,n,y,y,y,n,y,2
2311218,m,n,n,n,n,y,y,n,5
2311338,f,y,n,y,n,n,n,n,2
2312293,m,n,n,y,n,n,y,n,1
2012999,m,n,n,y,n,y,n,n,3
2131558,f,n,n,n,n,y,y,y,2
1712684,f,n,n,n,y,n,y,n,3
2312263,f,n,n,n,y,n,y,n,3
2211278,f,y,n,n,y,y,n,n,4
1521026,f,n,n,n,y,n,n,y,1
2311445,m,n,y,n,n,n,n,n,3
2211115,m,n,y,y,n,y,n,n,2
1921785,m,y,n,y,y,n,y,y,2
2211361,f,n,n,n,n,y,y,n,2
2211081,m,n,y,n,y,n,y,n,2
1621138,m,n,y,y,n,y,y,y,5
2211152,f,n,y,y,y,n,y,n,3
1913015,f,n,y,n,y,y,n,n,4
2311273,m,n,n,y,y,n,y,n,2
2312114,m,n,n,n,y,y,y,y,4
2021771,f,n,y,n,n,n,y,y,3
2312208,f,y,n,n,n,n,n,y,1
2325551,m,y,n,n,y,n,n,n,3
2311907,f,y,y,n,n,y,y,y,4
1931675,f,n,n,y,y,y,n,y,2
2312233,m,n,y,n,n,y,n,n,2
2311919,f,y,y,n,y,n,n,n,3
2211347,f,n,y,n,y,n,y,y,1
1831422,m,n,y,n,n,y,y,y,4
2021752,f,y,n,n,n,y,y,y,3
2312095,m,y,y,y,y,y,n,y,1
1711417,f,y,n,n,n,y,n,n,3
2311934,m,y,y,y,n,y,n,n,4
2211391,f,y,n,n,y,y,n,y,6
2311905,m,y,n,n,n,y,y,n,3
1620705,m,n,n,y,n,y,n,y,1
1632023,m,n,y,n,n,n,n,n,5
1911410,m,y,y,y,y,y,n,n,3
2312329,m,y,y,y,n,n,y,y,3
2312311,f,y,y,n,y,y,y,n,1
2311454,f,y,y,y,n,n,y,n,1
1631661,m,y,y,n,n,y,y,n,4
2312257,m,y,y,n,n,y,n,n,3
2312120,m,y,n,n,y,n,y,y,4
2211479,f,y,n,n,y,y,n,y,5
2012489,f,y,n,y,y,y,n,n,12
2211539,m,n,n,y,y,y,n,y,6
2311947,m,y,y,n,y,n,y,y,3
2211464,f,n,n,y,y,y,n,n,5
2311287,f,y,y,y,n,n,y,n,4
2325556,m,n,y,n,y,n,y,n,1
2211148,m,n,n,n,y,n,n,y,2
2311856,m,n,y,n,n,y,n,y,4
2311316,m,n,n,y,y,n,y,y,1
1611687,m,y,y,n,y,y,n,y,4
1611459,m,y,y,n,y,y,n,n,4
2311107,m,y,n,y,y,y,y,y,3
2211501,m,n,y,n,n,n,n,n,3
2211530,f,y,y,n,n,y,y,n,2
1821033,m,y,n,n,y,n,n,y,3
2311894,m,n,y,n,y,y,n,y,4
2211494,m,y,y,y,y,n,n,y,3
1831334,f,n,y,n,y,n,n,n,3
1712896,m,n,y,y,n,y,y,n,4
1911065,m,n,y,n,n,y,y,n,6
2311923,m,y,y,y,y,y,n,y,4
2211071,f,y,n,n,y,y,n,n,6
2211142,m,n,n,y,n,y,n,n,1
2312028,m,y,n,y,y,y,n,y,4
2012036,m,y,n,y,n,y,y,y,5
2311122,m,y,n,n,n,n,y,n,1
1632113,m,n,n,y,y,y,y,n,3
2211550,f,y,n,n,n,n,n,y,5
1721118,m,n,y,y,n,n,y,y,5
2121645,f,y,n,n,y,y,n,n,3
1911432,f,n,n,n,n,y,y,y,4
1420197,f,y,y,y,n,n,n,y,3
1610711,f,n,y,y,n,y,n,n,5
2211368,f,n,y,n,y,y,y,y,2
1520882,f,n,y,n,n,y,y,y,4
1721092,f,y,n,y,n,y,n,y,1
2325587,f,n,n,y,y,n,n,n,3
2312136,m,y,n,y,y,n,n,n,2
2311420,m,n,y,y,n,y,n,n,2
2211329,m,y,y,y,y,y,n,n,1
2311363,m,y,y,y,n,n,y,y,1
1612771,m,n,y,n,n,n,y,y,3
2311861,f,n,n,n,y,n,y,y,4
2311470,m,y,y,y,n,y,y,n,3
2311808,m,y,y,n,n,y,n,n,5
1913101,m,y,n,n,y,n,y,y,5
2211526,f,n,n,n,n,y,y,y,5
2022256,f,n,n,y,y,y,y,y,3
2311114,f,y,y,n,y,y,y,y,5
2022000,f,y,n,y,y,n,y,y,4
1831153,f,y,y,n,y,y,n,y,1
2311989,f,y,n,y,y,n,y,y,1
1511724,f,y,y,n,y,y,y,n,2
2311268,f,n,n,y,y,n,n,y,4
2312299,m,n,y,y,y,y,n,n,4
1631893,f,n,n,y,n,y,y,y,3
2311456,f,n,y,y,n,n,n,y,4
2013209,m,y,y,y,n,n,n,y,1
1632761,m,n,n,n,n,y,y,y,2
2211419,f,y,y,n,n,y,y,n,5
2211778,f,y,y,y,y,y,y,n,1
1620742,m,y,n,y,y,y,n,n,1
1812459,m,y,y,y,y,n,y,y,3
2211351,f,n,y,y,n,y,y,n,2
1931914,m,n,n,y,n,n,y,y,4
1712808,m,n,y,n,n,n,y,y,3
1420197,f,n,n,n,y,y,n,n,5
2312267,m,n,n,y,y,y,y,n,5
2311876,m,n,n,n,y,n,y,y,3
2312077,m,n,y,n,n,y,n,y,3
2312178,f,n,n,y,n,n,n,n,5
1911706,m,y,n,n,n,n,y,n,4
2311212,f,n,n,n,n,y,y,n,5
1610434,m,n,n,y,y,n,y,y,1
2311104,f,y,n,n,y,n,n,n,2
2311838,f,n,n,n,y,y,y,n,5
2311118,f,y,y,n,n,y,n,n,5
1521492,m,y,y,y,y,y,n,n,1
2311189,f,y,y,n,y,y,n,n,2
2311204,f,y,n,y,y,n,n,n,3
1931919,m,y,y,y,n,y,n,n,4
2311831,f,n,n,y,n,n,n,n,4
1612711,f,y,y,y,y,n,n,n,5
1631844,m,y,n,y,n,y,y,n,1
2031077,m,n,y,y,y,n,n,n,4
2312288,f,y,n,y,y,n,n,y,1
1931845,f,y,y,y,y,n,n,n,4
2311805,f,n,n,y,y,y,y,n,1
1620740,f,y,y,n,y,y,n,n,3
2211231,m,n,y,y,y,n,y,y,3
2211404,f,n,n,y,n,n,y,y,3
2311317,m,y,n,y,n,n,n,n,3
1610902,m,n,n,y,y,y,y,n,4
2211434,f,y,n,y,n,y,y,y,5
1712531,f,n,y,n,n,y,n,y,2
2311296,f,y,y,n,y,n,n,n,2
2011719,m,y,y,n,y,n,y,n,1
2311952,m,y,y,y,y,n,n,n,3
2312271,m,n,n,y,y,n,n,n,5
2312226,m,n,n,n,y,n,n,y,1
2211275,f,n,n,n,y,y,n,y,3
1711328,f,y,n,n,y,y,n,y,3
2312003,f,y,n,n,n,n,y,y,4
2211343,m,y,y,y,n,n,y,y,4
2211483,f,n,y,n,n,n,n,n,3
2211394,m,y,n,y,n,n,n,y,2
1521929,f,n,y,n,n,n,y,n,5
1813422,m,y,n,y,n,n,n,y,1
2211525,f,y,n,n,y,y,y,n,1
2311387,f,n,y,y,n,n,y,n,1
1721248,f,n,y,n,y,n,n,n,5
1611889,m,n,n,n,n,n,n,n,4
1911739,m,n,y,n,n,n,n,n,2
2211070,m,y,n,y,n,n,n,n,2
2311285,f,y,n,y,n,n,n,n,1
2022206,m,n,y,n,n,n,y,n,3
2311200,m,n,n,y,y,n,y,y,1
1620704,f,y,y,n,y,n,y,n,2
2211561,m,y,y,n,n,y,n,n,1
2211118,f,n,y,y,y,y,n,y,4
1410795,f,y,y,n,n,y,n,n,1
2012662,m,n,y,n,y,y,n,n,1
1620235,m,n,y,n,n,y,n,y,3
2312207,f,y,y,n,y,n,y,n,1
1711485,f,n,n,y,n,n,n,y,1
2311380,f,y,n,n,y,n,n,n,5
2312283,f,y,y,y,n,y,y,y,1
2312017,f,n,y,y,y,y,n,n,4
2211213,m,n,y,n,y,y,y,n,4
2325553,f,n,y,n,y,n,y,n,3
2311385,m,y,n,y,y,n,y,y,3
2311320,f,n,y,y,y,y,y,y,5
2311303,m,n,y,y,y,y,n,n,2
2211062,f,n,y,n,n,y,n,y,3
1620897,m,y,n,y,n,y,n,n,2
2311217,m,n,n,y,y,y,y,y,5
2311970,m,n,y,y,y,y,y,y,5
1612521,m,n,y,y,n,n,y,y,4
2312308,m,n,n,y,y,n,y,y,4
2211410,f,n,y,n,n,y,y,n,3
1510748,m,y,y,y,n,y,n,n,3
1931652,m,y,y,n,n,y,n,n,4
2311380,f,y,y,n,n,n,n,n,1
1620454,f,n,n,y,n,n,n,n,2
1931415,f,y,n,n,y,n,n,n,4
1931229,f,y,y,n,n,n,n,n,1
2211060,m,n,n,y,y,n,y,n,1
2312139,f,n,n,n,n,n,y,n,4
2211559,m,y,n,y,n,n,y,n,4
2211129,f,y,y,y,y,y,n,n,2
2311997,f,y,y,n,y,y,y,y,5
2311900,m,n,y,n,n,y,y,y,5
1632614,f,y,y,n,n,y,n,n,3
1620018,f,y,n,y,n,n,n,y,5
1721211,m,n,n,y,y,n,y,y,5
2325554,f,n,n,n,n,y,y,y,2
1411368,f,y,y,y,n,y,y,y,5
2211581,f,n,y,y,y,y,y,y,5
2311991,m,y,n,y,y,n,n,n,3
2211504,f,n,n,y,y,n,n,n,2
2312012,m,n,n,y,n,n,y,y,1
1620454,m,y,y,n,n,y,y,y,3
1921708,m,y,n,n,y,n,n,n,2
2312248,m,y,y,y,n,n,y,n,2
1921174,f,n,n,y,n,n,y,n,5
2311278,f,n,n,n,y,n,y,n,5
2325576,m,y,y,n,n,n,n,y,4
2312286,m,y,n,n,y,y,n,n,3
1612789,f,y,y,n,y,y,y,n,1
1713130,f,n,y,y,n,y,n,n,2
2311282,f,y,n,y,y,n,n,y,5
2311874,m,n,n,y,y,y,n,y,1
1712862,f,y,n,y,y,n,y,n,5
2311351,m,y,n,y,y,y,n,y,2
1612797,f,n,y,n,y,y,y,y,3
1620954,m,y,n,y,n,y,n,n,2
2311184,m,y,n,y,n,n,n,y,3
2211082,f,y,y,y,n,n,y,y,1
2311364,f,n,y,n,n,y,n,y,2
2211322,m,n,n,y,y,n,n,y,2
1811050,m,n,y,n,n,n,n,y,1
2311915,f,y,y,n,n,y,n,y,2
2211593,m,y,n,n,y,n,n,y,5
1620704,f,n,y,y,y,n,n,y,5
2211239,m,n,y,y,y,y,n,y,2
2311383,f,n,y,n,n,y,y,n,5
1611889,f,y,n,y,n,y,n,y,1
2312021,f,n,y,n,n,y,y,y,5
2311284,f,y,y,y,y,n,y,y,1
2211586,m,y,n,y,n,y,n,n,2
2311789,m,y,n,n,n,n,y,y,2
2211066,m,n,n,n,y,n,y,y,5
1911202,f,n,y,n,y,n,n,n,3
2211572,f,n,n,y,n,n,y,n,1
2211193,f,n,y,y,n,n,n,n,3
2311804,m,n,y,n,n,y,y,n,1
1632644,f,y,y,y,y,y,y,n,1
2211198,m,y,y,n,n,y,y,n,1
2312113,f,n,n,n,n,n,y,n,3
2311903,f,y,n,y,y,n,n,y,3
1530712,f,y,y,y,y,n,n,n,3
2311339,m,y,n,n,n,n,n,n,5
2312131,m,n,n,n,n,y,y,n,5
2312205,m,n,y,n,n,y,n,n,5
1612316,m,y,y,y,y,y,y,n,3
2231874,m,y,y,y,y,y,n,n,4
2312009,m,n,n,n,n,n,n,n,3
2211364,m,n,y,n,n,n,n,n,4
2122152,f,n,y,n,n,y,n,y,3
2211255,f,y,y,n,n,n,y,y,5
2211157,f,n,y,n,y,n,n,y,3
1711927,m,n,n,n,y,y,n,n,3
1912085,m,n,y,n,n,n,n,n,3
2011694,m,y,n,y,n,y,y,y,3
2131230,f,n,y,y,n,y,y,n,3
2211055,m,n,y,y,n,y,y,n,4
2325564,m,n,y,y,n,y,y,n,2
2311021,f,y,y,n,n,y,n,y,3
1410910,m,n,y,n,n,y,y,y,2
1621087,m,n,n,n,y,n,y,n,4
1631556,f,n,n,y,n,n,n,n,3
1620639,f,y,y,y,n,y,n,n,4
2014305,f,y,y,n,n,y,n,y,2
2211319,m,n,n,y,n,y,n,n,3
2312273,f,n,n,n,n,y,y,y,3
2122194,f,y,n,n,y,y,y,n,6
2311350,m,y,y,n,y,y,n,y,7
2211467,m,y,y,n,y,n,y,n,5
2311405,m,n,y,n,n,y,n,n,3
1620742,f,y,y,n,y,y,y,y,5
2311341,m,n,n,y,y,n,n,n,4
2311823,m,y,n,y,n,n,n,n,4
2212937,m,y,n,y,n,n,y,y,5
2211103,m,n,y,y,n,n,y,n,7
2311294,m,n,n,y,y,y,y,n,2
1921206,f,y,n,y,y,y,y,y,6
2311929,f,y,y,n,n,y,n,y,8
1612658,f,n,n,y,y,y,y,n,6
2311962,m,y,y,y,y,y,y,y,9
1612771,m,n,y,y,y,y,n,y,7
1912852,f,n,n,n,y,n,y,n,6
1711182,f,y,n,y,n,y,n,n,9
1711252,m,y,n,n,y,y,n,y,10
1631797,f,y,n,n,y,y,y,y,9
2311447,m,n,y,y,y,n,n,n,8
1430452,f,y,n,n,y,n,n,n,6
2311415,f,y,n,y,y,n,n,n,9
2211217,m,n,y,y,n,n,y,n,7
2311108,f,y,y,n,n,n,y,n,8
1610998,f,n,y,n,y,y,n,n,9
1721045,f,y,n,n,n,y,n,n,10
2311359,m,n,y,n,y,y,n,y,9
2311926,f,y,n,y,n,y,n,n,6
2211266,m,n,y,n,y,n,n,n,6
2312151,f,n,n,n,y,y,n,n,8
2211346,m,y,y,y,y,y,y,y,7
2211123,m,n,n,n,y,y,n,y,9
2311406,m,y,n,n,n,y,n,n,4
2311807,f,n,n,y,n,y,n,y,9
1620504,f,y,y,y,n,n,n,y,7
2211439,f,n,n,y,y,y,n,y,6
2311201,m,n,n,n,y,n,n,y,7
2211349,f,n,n,n,n,y,y,y,9
2211487,m,n,n,y,n,y,y,n,6
2311391,m,n,n,y,y,n,n,n,8
1711923,m,n,y,n,n,n,y,n,9
2311853,m,y,y,n,n,y,n,y,6
1621759,f,y,y,n,n,n,y,n,7
1721332,m,y,n,n,y,n,n,y,7
2132687,m,n,n,y,y,n,y,n,7
2311879,f,y,y,n,y,n,n,y,9
2311407,f,y,n,n,y,n,n,n,9
2312094,m,y,y,n,n,y,n,y,9
2311450,f,y,y,y,n,n,n,n,12
1711406,m,n,n,y,n,y,n,n,9
2122323,m,n,n,y,n,n,n,n,4
2311896,f,n,n,n,y,y,y,n,5
2211426,m,n,n,n,n,y,n,n,4
2211116,m,n,n,n,n,y,y,y,4
2312253,f,n,y,y,n,n,y,n,5
2211196,f,n,y,y,y,n,n,y,7
2311401,f,y,y,y,y,y,n,n,11
2031077,m,y,n,n,y,y,y,n,5
1510610,m,n,n,n,n,y,n,n,4
1612771,f,n,y,y,n,n,y,y,11
1620200,f,n,y,n,n,n,n,y,5
2311969,f,n,y,n,n,y,n,n,8
2312256,m,y,y,y,n,n,y,y,8
2311029,m,y,y,n,n,n,n,n,4
1620084,m,n,y,y,n,n,n,n,2
2211577,f,n,n,n,y,y,y,n,1
2311432,m,n,n,n,y,n,y,n,1
2312002,m,y,n,n,y,n,n,y,4
1310480,f,y,n,y,n,y,y,n,5
1711372,f,n,n,y,y,y,n,y,2
1911563,f,n,y,y,y,y,y,y,3
2211386,m,y,y,y,n,n,n,y,2
1531481,f,y,y,n,n,n,y,y,2
2311897,m,n,y,n,n,n,n,n,2
2311478,m,n,n,n,y,n,n,y,4
2311948,f,n,y,y,y,n,n,n,4
2211313,m,y,n,n,n,y,y,n,2
2211468,f,y,y,y,y,y,y,n,4
2312175,f,y,n,y,n,n,y,n,5
2312323,f,y,n,y,n,y,y,n,5
2312108,m,n,y,n,n,n,y,n,1
1632761,f,n,n,n,n,n,n,n,1
2311288,f,y,n,y,n,n,n,n,5
2311410,m,n,n,y,y,n,n,y,4
2311864,f,y,y,y,n,n,y,y,5
2311032,m,n,y,n,n,y,n,n,1
2211211,m,n,n,n,n,n,n,y,1
1430407,f,n,y,y,n,y,n,n,1
2312223,m,n,y,n,y,y,n,y,4
2111439,f,y,y,y,n,y,y,y,3
1631888,f,y,y,n,y,y,y,n,4
2211324,m,y,n,n,n,y,y,y,3
2211389,m,n,y,y,n,n,n,n,1
1612789,m,y,y,n,n,y,y,y,3
2211216,m,n,y,n,y,n,y,n,1
1921909,m,n,n,n,y,y,n,y,3
1721251,m,n,n,n,y,y,n,y,1
1621010,f,y,n,y,n,n,y,n,1
2312169,f,y,y,n,n,n,n,n,5
2211371,f,y,n,n,y,n,y,y,5
1430452,f,y,n,y,n,n,n,y,1
2312160,f,y,y,n,n,n,n,n,5
2211227,f,n,y,y,y,n,n,y,3
2311883,m,y,n,y,n,n,n,n,4
1912186,f,y,y,n,n,n,n,y,1
2211090,m,y,n,y,n,n,y,y,5
2211254,f,n,y,y,y,n,n,y,2
2311181,f,n,n,y,y,y,n,y,2
2312161,f,n,y,y,n,n,y,n,5
2312008,m,y,n,n,y,y,y,y,3
1711193,f,n,y,y,y,n,y,y,2
2312055,m,n,y,n,n,y,n,n,4
1612553,f,y,y,y,y,n,y,y,5
1721474,m,n,y,n,n,y,y,y,1
2211413,f,n,n,y,n,y,y,n,5
2211134,m,y,y,y,n,y,y,y,1
2312246,m,n,y,n,n,y,n,y,4
1330527,m,y,y,y,y,y,y,n,5
1611492,f,y,y,n,y,y,n,n,3
2312325,f,y,y,y,y,n,n,y,1
2311362,f,y,n,y,y,y,n,n,2
2211087,f,n,n,y,n,y,y,n,3
2311429,m,y,n,n,n,n,y,y,3
2311360,f,n,n,n,n,n,n,n,3
2311785,f,n,n,n,n,n,n,y,4
2311925,m,n,n,n,y,y,y,n,3
2312111,m,n,n,n,n,y,n,y,5
2312091,m,n,n,n,n,y,n,n,3
1431225,f,n,n,n,y,n,y,y,2
2312164,m,y,y,n,y,y,n,n,3
1712496,f,y,n,y,n,y,n,y,3
1610959,f,n,n,y,y,n,y,y,3
2311965,f,n,n,y,n,y,n,y,2
2211286,f,y,y,y,n,y,n,n,5
2211569,m,n,y,n,n,n,y,y,2
2022015,m,n,n,n,n,n,y,n,3
2311895,f,n,n,y,n,y,y,y,1
1531535,m,n,n,y,n,y,n,y,1
1510610,m,n,y,n,y,n,n,y,1
2311851,f,n,y,n,n,n,n,y,2
2311205,m,y,n,y,n,y,n,y,1
1621454,m,n,n,n,n,y,y,n,4
2311846,f,y,y,n,n,n,y,n,2
1430041,f,y,y,n,n,y,y,n,1
1610421,f,y,n,n,y,y,n,y,3
2211357,f,y,n,n,n,n,n,y,3
2312177,m,y,n,n,n,n,n,y,2
1632351,m,y,y,y,y,n,y,n,2
1712508,m,n,n,n,y,n,y,y,2
1911229,f,n,y,n,n,n,n,n,3
2312025,m,y,n,n,y,n,n,n,1
1711271,m,n,y,n,y,n,n,y,4
2211221,f,y,y,y,n,n,y,n,5
1621825,f,y,y,n,n,y,n,y,3
2211592,f,y,y,n,y,y,y,y,2
2312090,m,y,y,y,y,n,n,y,1
1420968,m,y,y,n,y,y,n,n,5
2311348,f,y,y,y,n,y,y,y,4
2311355,m,y,n,y,n,y,n,y,4
2311475,f,n,y,n,y,y,y,n,2
1711209,m,y,n,y,n,n,y,n,4
1510782,m,n,y,y,n,n,y,n,2
2311893,m,n,n,n,y,y,n,n,5
2312242,m,y,y,n,y,y,y,n,4
1713144,m,y,y,n,y,y,n,n,1
2012335,m,y,y,n,n,n,y,y,3
2311802,m,y,n,y,n,y,y,y,2
1631459,f,y,n,n,y,n,y,y,4
1521848,m,y,y,n,y,n,n,y,4
2211294,f,y,n,y,y,y,n,n,4
1610664,m,n,n,n,y,n,y,y,2
2311379,f,y,y,n,y,n,y,y,3
2311393,f,y,y,n,n,y,y,y,3
1632113,m,n,n,n,y,n,y,n,4
2211528,m,y,n,n,y,n,n,y,4
1612682,f,y,y,y,n,n,n,n,3
2211345,f,n,y,n,n,y,n,n,4
1712503,m,y,n,y,n,n,y,n,4
2312062,m,n,y,y,n,y,n,y,5
2021545,f,n,y,n,y,y,n,n,5
2311452,m,y,n,n,n,n,y,y,6
2211465,m,y,y,y,y,y,y,n,4
1510624,m,n,n,y,n,n,y,n,3
1610829,f,y,n,y,n,y,n,y,4
2211390,f,y,y,n,n,n,y,y,2
2011204,m,n,y,y,y,y,y,n,7
1610102,m,n,n,y,y,n,y,y,3
2022390,f,n,n,n,n,y,y,y,9
1612658,f,y,n,n,y,y,y,n,3
2211531,m,y,n,n,n,y,y,n,4
2211067,f,n,y,y,y,n,n,y,5
2312087,f,y,n,y,n,y,n,n,3
1530256,f,y,n,y,y,n,y,n,6
2311299,f,n,n,y,y,y,n,n,7
1711271,m,n,n,n,y,y,n,y,5
2311022,m,n,y,n,n,n,y,y,3
2312176,m,n,n,n,n,n,y,y,4
2312058,m,y,n,n,n,n,n,n,3
2312109,m,y,y,y,n,n,y,n,8
2031617,f,n,y,y,n,n,y,n,5
2311860,f,n,y,y,n,y,n,y,5
2311386,m,y,n,n,n,y,n,n,5
2311999,f,y,n,n,n,n,n,y,9
2011519,f,n,n,n,y,y,n,n,3
2311473,f,n,y,y,n,y,y,n,4
1632487,m,y,y,y,n,n,n,y,4
2211153,m,y,y,n,y,y,y,y,3
2312099,f,n,n,y,y,n,n,n,8
2211121,m,y,n,y,n,n,y,n,2
1632082,f,n,y,y,n,n,y,n,8
2312198,m,y,y,y,n,n,y,y,4
2312072,f,y,y,n,n,n,n,n,2
1610902,f,n,n,y,y,y,n,n,8
1330275,m,n,y,y,y,n,n,n,5
2013223,m,n,n,n,n,n,y,n,3
2311809,f,y,y,n,y,n,y,y,2
2311416,m,n,n,y,n,n,y,y,4
2232399,m,n,n,y,y,y,y,y,5
1811640,m,y,n,n,y,y,n,n,5
1610829,m,n,y,y,n,y,n,y,2
2311349,m,n,n,y,n,n,n,n,2
2311018,m,y,y,n,y,n,n,n,5
1610875,m,y,y,n,n,y,n,y,5
1632354,m,y,y,y,y,n,y,y,13
1731931,m,n,n,y,n,n,y,n,3
2312148,f,y,n,y,y,n,n,n,8
2211064,f,y,y,n,n,y,n,y,8
2211438,f,y,n,n,n,n,n,y,4
2312121,m,n,n,y,n,n,y,n,2
2311272,m,y,n,n,y,y,y,y,7
2131408,m,y,n,n,y,n,y,n,3
2312269,f,n,y,y,n,y,n,y,6
1430528,m,n,n,y,y,n,n,y,2
1831147,f,y,n,y,n,y,n,n,9
1611029,f,n,n,n,n,y,y,n,9
1620570,f,n,y,n,y,y,n,y,7
2311438,f,n,y,n,n,y,y,n,3
2312076,m,n,y,y,y,n,y,n,2
1632614,f,y,n,y,n,n,y,n,4
2211180,f,n,n,y,n,n,y,y,9
1821119,m,y,n,y,y,y,y,n,2
2211466,m,y,n,n,n,n,n,n,9
2211202,f,n,y,y,n,y,n,n,9
2311116,f,y,y,n,y,n,y,y,5
1411368,f,n,y,y,n,n,n,y,9
2211540,m,y,n,y,y,n,n,y,9
1912054,f,n,n,y,n,y,y,y,2
2312039,m,y,n,n,y,y,n,n,3
2211395,f,y,n,y,y,y,y,y,8
1430407,f,n,y,y,y,y,n,n,5
2211519,m,y,n,y,y,y,y,y,9
2312065,f,y,n,y,n,n,n,y,4
2311045,m,y,n,y,y,n,n,y,4
1611492,m,y,y,y,n,n,n,y,7
2312010,m,y,y,n,y,n,y,n,3
2311119,f,y,y,y,n,n,y,y,8
2111075,m,y,n,y,y,n,n,y,4
1721077,f,y,y,y,y,y,n,n,2
2211334,f,y,y,y,n,y,y,n,5
1713075,f,n,n,y,n,y,n,y,4
2211554,m,n,y,y,y,n,n,y,5
2325574,f,y,y,y,y,n,y,y,4
1711193,m,n,y,y,y,n,n,n,6
1721032,f,n,n,n,n,y,n,n,4
1410290,f,n,y,n,n,y,y,y,3
1610221,f,n,y,n,y,y,y,n,9
2312171,f,y,n,y,y,y,n,n,3
2312127,f,y,y,n,y,n,y,n,5
2311437,f,y,n,y,n,y,y,n,2
2311884,m,y,y,y,y,y,n,y,2
2211310,f,n,n,n,y,y,y,y,9
2311918,m,n,y,y,n,n,n,n,1
2311027,m,y,y,y,y,y,y,y,13
1612798,m,y,n,y,n,y,y,y,12
2013044,f,n,y,y,n,n,y,y,2
1912685,f,n,y,y,n,n,y,n,5
1520505,f,y,n,n,n,y,y,n,9
2021086,f,y,y,n,y,y,y,y,4
2211277,f,n,y,y,n,n,y,y,3
2312119,f,y,y,y,n,n,n,n,9
1410345,f,n,y,y,y,y,y,y,4
2311334,m,n,y,y,y,y,n,n,5
1610102,m,n,y,n,n,y,n,y,8
1512230,f,n,n,y,n,y,y,n,3
2211573,m,y,y,y,n,n,y,y,1
1620838,f,y,y,y,y,y,n,y,5
1921162,m,n,y,y,y,n,n,n,3
2312086,m,y,n,y,n,n,y,y,2
2311471,m,n,y,y,n,y,y,y,1
2320221,f,n,y,n,n,n,y,y,5
2312124,m,n,n,n,n,n,n,n,4
2311968,m,y,n,y,n,n,n,y,3
2011650,m,y,y,n,y,n,n,n,4
2211523,m,n,y,y,y,n,n,y,2
2211374,f,y,n,y,n,y,y,n,1
2311196,m,n,n,n,n,n,y,n,4
1931354,m,y,n,y,n,n,y,n,3
2311902,m,y,n,n,n,y,n,n,2
2021104,f,n,n,n,n,n,y,y,1
1612316,m,y,y,n,n,n,n,y,4
2311372,f,y,y,n,n,y,y,y,4
2211173,m,n,n,y,y,y,y,y,4
2312201,m,y,n,y,n,n,y,y,1
2013248,m,n,y,n,y,y,n,n,2
1611415,f,n,n,y,n,n,y,n,1
2311310,f,n,y,n,n,y,y,y,2
2312221,f,y,n,y,n,y,n,n,1
2311036,m,n,n,y,n,n,y,y,5
2012281,f,n,n,y,n,y,n,n,5
1713019,m,n,y,n,n,n,n,y,3
2211080,m,y,n,n,n,y,y,n,4
2312297,f,n,y,n,y,n,y,n,4
2311110,f,y,n,n,y,n,y,n,1
2311945,f,y,n,y,y,y,n,y,2
1831668,f,y,n,n,y,n,n,y,1
2211556,m,y,y,y,n,y,y,n,2
2211088,f,y,y,n,n,n,y,y,3
1911541,m,y,n,y,n,y,y,n,1
2311840,m,n,n,n,y,y,y,y,3
2312199,f,n,n,y,y,y,n,n,3
2211350,f,n,y,y,n,n,n,y,3
1620018,m,y,n,n,n,y,n,y,3
2311266,m,y,y,n,n,y,y,n,4
2211388,m,y,y,y,n,n,n,n,5
2021545,f,y,n,y,y,n,n,y,5
1910185,f,y,n,n,n,n,y,n,5
1631797,m,y,n,y,y,y,y,n,4
1620855,m,y,y,y,n,n,n,n,1
2311313,m,n,y,n,y,y,y,y,1
2211204,f,y,n,n,n,y,y,y,4
2312031,m,n,n,n,n,y,n,y,3
1410910,m,n,n,y,y,y,n,y,3
2211297,f,y,y,n,n,n,n,y,2
2311376,f,y,y,n,y,n,y,y,2
2021451,m,n,n,n,y,n,y,y,4
2311788,f,y,y,n,y,n,y,y,2
2013555,m,y,n,y,n,n,y,n,2
2211312,m,n,y,y,y,y,n,n,3
2211170,f,n,y,y,y,n,y,n,3
2311292,f,n,y,y,n,y,n,n,5
2311784,f,y,n,y,y,y,n,n,3
2311270,m,n,n,n,n,y,n,n,2
2211214,m,n,n,n,y,n,y,n,3
2312305,m,y,y,y,y,n,n,y,4
1921119,m,n,y,y,y,y,n,y,4
2211185,m,y,y,n,n,y,n,n,5
1611455,m,y,n,n,y,n,y,n,5
1712830,m,y,n,n,y,n,y,n,4
1620392,m,n,y,n,y,n,y,n,1
2311852,m,n,n,y,y,y,n,y,1
2211128,f,y,n,y,y,n,y,n,3
2011403,m,y,y,n,y,y,n,n,2
1620457,m,y,y,n,y,n,y,y,2
2311182,m,n,y,y,n,n,n,y,5
2312128,m,n,y,n,n,y,n,n,2
2312016,m,y,y,n,n,n,n,y,5
1921997,m,y,y,n,y,y,y,y,1
2311105,m,y,n,y,y,n,y,n,5
2312149,f,n,n,y,y,y,y,n,4
1711364,f,y,y,n,n,y,n,y,1
1812291,m,y,n,y,n,y,y,y,5
2012621,m,y,y,n,n,y,n,n,3
2312035,m,n,n,y,n,n,n,y,4
2211445,m,y,y,n,n,y,y,y,4
2312317,f,n,n,y,y,n,y,y,5
1711155,f,n,y,n,y,y,n,n,1
2211068,m,n,n,y,y,y,y,y,1
1711485,m,y,n,n,n,n,n,n,2
2311042,f,y,y,y,n,y,n,y,3
2232436,f,n,n,y,y,n,y,y,4
1821641,f,n,n,y,n,y,n,n,4
2021474,m,y,n,n,y,n,n,y,5
1721524,m,n,y,n,n,y,y,y,4
2211314,m,y,n,n,y,n,n,y,3
1620298,m,n,n,n,n,y,n,n,4
1912805,m,y,y,y,y,y,y,y,3
2311216,m,y,n,n,n,y,y,n,2
2312080,f,y,y,y,y,y,y,y,1
1631596,f,n,y,n,n,y,n,y,2
2312193,f,n,y,n,y,y,n,n,5
2211516,m,n,n,y,n,n,y,n,3
2021817,m,n,y,n,n,y,n,y,5
2211529,m,y,n,y,n,y,n,y,3
2311981,m,n,y,n,y,n,y,n,4
2312142,f,y,n,y,n,y,n,y,5
1921510,m,n,y,n,y,n,y,n,3
2311467,m,y,n,y,n,y,n,y,2
2311210,f,n,y,n,y,n,y,n,4
2312234,m,y,n,y,n,y,n,y,3
1912490,m,n,y,n,y,n,y,n,5
2211534,m,n,y,n,y,n,y,n,3
1632026,f,y,n,y,n,y,n,y,4
2311982,m,n,y,n,y,n,y,n,5
2012168,m,y,n,y,n,y,n,y,3
2311291,f,n,y,n,y,n,y,n,4
1721024,f,y,n,y,n,y,n,y,3
2311397,m,n,y,n,y,n,y,n,1
2211532,f,n,y,n,n,y,n,n,2
2312172,m,y,y,n,y,n,n,n,3
2312245,m,y,n,y,y,n,y,y,4
2312075,m,n,y,n,y,n,y,n,1
1921214,f,y,n,y,n,y,n,y,5
2211160,m,n,y,n,y,n,y,n,6
1631594,m,y,n,y,n,y,n,y,3
2325579,m,n,y,n,y,n,y,n,4
1430463,m,y,n,y,n,y,n,y,3
2311215,m,n,y,n,y,n,y,n,1
2211075,f,n,y,n,n,y,n,n,2
1621087,m,y,y,n,y,n,n,n,3
2311315,m,y,n,y,y,n,y,y,4
2011375,m,n,y,n,y,n,y,n,1
2311871,m,n,n,n,y,y,n,y,5
2211408,f,y,n,y,y,n,y,n,5
2211210,f,n,n,y,y,y,y,n,4
2211164,m,y,y,n,n,y,n,y,1
1721311,f,y,n,y,n,y,y,y,5
2311901,m,y,y,n,n,y,n,n,3
2011054,m,n,n,y,n,n,n,y,4
1721095,f,y,y,n,n,y,y,y,4
2312230,m,n,n,y,y,n,y,y,5
2211114,f,n,y,n,y,y,n,n,1
2211295,m,n,n,y,y,y,y,y,1
2211315,f,y,n,n,n,n,n,n,2
2312259,m,y,y,y,n,y,n,y,3
2211474,f,n,n,y,y,n,y,y,4
2211432,m,n,n,y,n,y,n,n,1
2211435,f,y,n,n,y,n,n,y,5
2312051,m,n,y,n,n,y,y,y,4
1410795,f,y,n,n,y,n,n,y,3
2311382,m,n,n,n,n,y,n,n,4
1620131,m,y,y,y,y,y,y,y,3
2311267,f,y,n,n,n,y,y,n,2
2312180,m,y,y,y,y,y,y,y,1
2311030,f,n,y,n,n,y,n,y,2
2211544,m,n,y,n,y,y,n,n,1
1610050,m,n,n,y,y,y,y,y,1
2014310,m,y,n,n,n,n,n,n,2
2011118,m,y,y,y,n,y,n,y,3
1010848,m,n,n,y,y,n,y,y,4
2312030,m,n,n,y,n,y,n,n,1
2012168,m,y,n,n,y,n,n,y,5
1712900,f,n,y,n,n,y,y,y,4
2311850,m,y,n,n,y,n,n,y,3
1330527,f,n,y,n,y,n,y,n,5
2211271,m,y,n,y,n,y,n,y,3
1512440,m,n,y,n,y,n,y,n,4
2311966,m,y,n,y,n,y,n,y,3
2311791,m,n,y,n,y,n,y,n,1
1911119,m,n,y,n,n,y,n,n,2
2014305,m,y,y,n,y,n,n,n,3
1612553,f,y,n,y,y,n,y,y,4
1712063,m,n,y,n,y,n,y,n,1
2312170,m,y,n,y,n,y,n,y,5
2211101,m,n,y,n,y,n,y,n,6
2311976,f,y,n,y,n,y,n,y,3
1612575,m,y,y,n,n,y,n,n,3
2312225,m,n,n,y,n,n,n,y,4
2311378,f,y,y,n,n,y,y,y,4
1612521,m,n,n,y,y,n,y,y,5
1620897,f,n,y,n,y,y,n,n,1
2211183,m,n,n,y,y,y,y,y,1
2211440,f,y,n,n,n,n,n,n,2
2211279,f,y,y,y,n,y,n,y,3
1511123,f,n,n,y,y,n,y,y,4
2211146,m,n,n,y,n,y,n,n,1
2312112,f,y,n,n,y,n,n,y,5
1711155,f,n,y,n,n,y,y,y,4
2312322,f,y,n,n,y,n,n,y,3
2311326,m,n,n,n,n,y,n,n,4
1530179,f,n,y,n,y,n,n,y,1
2311882,m,n,y,n,n,y,n,n,4
2211428,f,n,n,n,y,n,y,n,5
2211219,f,n,y,y,y,y,n,n,6
2311862,f,y,n,y,y,n,n,n,2
1632082,m,y,y,n,n,n,y,n,5
2311435,m,y,y,y,y,n,y,n,1
2211344,m,n,n,n,n,n,n,n,4
2022558,f,n,y,n,y,n,y,y,1
2312158,f,y,n,y,y,y,n,y,5
2211194,f,n,y,n,n,y,y,n,4
2325569,f,y,n,n,y,y,y,y,3
2311912,m,n,y,y,y,n,n,n,4
2312282,m,y,n,n,y,n,y,n,1
2311451,f,n,y,n,n,y,n,y,4
2312137,f,y,n,n,n,n,y,n,1
2211372,m,n,n,y,n,y,n,n,5
2014323,m,y,n,y,n,n,y,y,6
2312032,f,n,n,n,n,y,y,y,3
1712483,f,y,n,y,y,n,n,n,3
2312063,m,y,y,n,y,y,n,y,4
2211585,m,n,y,y,n,n,y,y,4
2311830,f,y,y,y,y,y,n,y,5
2311464,m,n,y,y,y,y,y,y,1
2211469,m,n,n,n,n,n,n,n,1
2311106,m,y,y,n,y,n,y,n,2
2211335,f,n,y,y,n,y,y,y,3
2311946,m,n,y,n,y,n,n,n,4
2325563,m,n,n,y,n,n,y,y,1
2232552,f,y,n,n,y,y,y,n,5
2211348,m,n,n,y,n,n,y,y,4
1911033,m,n,n,n,y,n,n,n,3
1620573,m,y,n,y,n,n,y,y,4
2311906,m,y,n,n,y,n,n,n,1
2211518,m,n,n,y,n,y,n,y,4
1620954,f,y,y,y,y,n,n,y,1
2211059,f,n,y,y,n,n,n,y,3
1620705,m,y,n,n,n,y,n,n,4
2211117,m,y,y,y,n,y,n,y,3
2012998,m,n,n,n,n,n,n,n,2
2311951,m,n,n,y,y,y,y,n,6
2211412,m,n,y,n,y,y,n,n,2
1921317,f,n,y,y,n,n,n,y,5
1711252,f,n,y,y,y,y,n,y,1
2312122,m,y,n,n,n,n,n,n,4
2211147,m,y,n,y,n,y,n,y,1
2325565,m,n,y,n,y,y,y,n,5
1410616,m,y,n,y,n,n,y,y,4
1715342,m,n,y,n,n,y,y,y,3
2211092,m,n,n,y,y,y,n,n,4
1612797,f,y,y,n,n,y,n,y,1
2312275,f,n,n,y,n,n,y,n,4
2211356,m,n,y,n,n,n,n,y,1
1711973,m,y,n,n,y,n,y,n,5
2312252,m,n,y,n,y,n,n,y,6
2312024,f,n,n,n,n,n,y,y,3
2312105,m,n,y,n,y,y,n,n,3
2311476,m,y,y,y,n,y,y,n,4
2211287,f,y,n,y,y,n,n,y,4
1620018,m,n,y,y,y,y,y,n,5
2013712,f,y,n,y,y,y,y,y,1
2311389,m,n,n,n,n,n,n,n,1
1531460,m,y,n,y,n,y,y,n,2
1632451,f,y,y,n,n,n,n,y,1
2311309,m,y,n,n,y,n,y,n,3
2211292,m,n,y,n,y,n,n,y,1
1712602,m,n,y,n,y,n,y,n,1
1812277,m,n,y,n,n,y,n,n,2
2311786,f,y,y,n,y,n,n,n,3
1712440,m,y,n,y,y,n,y,y,4
2312048,m,n,y,n,y,n,y,n,1
2312074,m,n,y,n,n,n,n,y,1
1712975,m,y,n,n,y,n,y,n,5
2211079,m,n,y,n,y,n,n,y,6
1620313,f,n,n,n,n,n,y,y,3
1311370,m,n,y,n,y,y,n,n,3
1921383,m,y,y,y,n,y,y,n,4
2311820,f,y,n,y,y,n,n,y,4
2211218,m,n,y,y,y,y,y,n,5
2211235,f,y,n,y,y,y,y,y,1
2311321,m,n,n,n,n,n,n,n,1
2311798,m,y,n,y,n,y,y,n,2
1620504,f,y,y,n,n,n,n,y,1
2325575,m,y,n,n,y,n,y,n,3
1620838,m,n,y,n,y,n,n,y,1
2211418,m,n,y,n,y,n,y,n,1
2311931,m,n,y,n,n,y,n,n,2
2311889,m,n,y,n,y,y,y,n,5
2312296,m,y,n,y,n,n,y,y,4
2311115,m,n,y,n,n,y,y,y,3
2211143,m,n,n,y,y,y,n,n,4
2312316,f,y,y,n,n,y,n,y,1
2311904,f,n,n,y,n,n,y,n,4
1831253,m,n,y,n,n,n,n,y,1
1611409,m,y,n,n,y,n,y,n,5
2211177,m,n,y,n,y,n,n,y,6
2211584,f,n,n,n,n,n,y,y,3
2211571,m,n,y,n,y,y,n,n,3
2014338,m,y,y,y,n,y,y,n,4
1421557,f,y,n,y,y,n,n,y,4
1620263,m,n,y,y,y,y,y,n,5
2211076,f,y,n,y,y,y,y,y,1
2211482,m,n,n,n,n,n,n,n,1
2312165,m,y,n,y,n,y,y,n,2
2211301,f,y,y,n,n,n,n,y,1
2311332,m,y,n,n,y,n,y,n,3
2211366,m,n,y,n,y,n,n,y,1
2311185,m,n,y,n,y,n,y,n,1
1931121,m,n,y,n,n,y,n,n,2
2211100,f,y,y,n,y,n,n,n,3
2311960,m,y,n,y,y,n,y,y,4
2311283,m,n,y,n,y,n,y,n,1
1611455,m,y,y,y,n,y,y,n,4
2312162,f,y,n,y,y,n,n,y,4
2012657,m,n,y,y,y,y,y,n,5
1721176,f,y,n,y,y,y,y,y,1
2312190,m,n,n,n,n,n,n,n,1
2211457,m,y,n,y,n,y,y,n,2
1912607,f,y,y,n,n,n,n,y,1
1632451,m,y,n,n,y,n,y,n,3
2311898,m,n,y,n,y,n,n,y,1
2211205,m,n,y,n,y,n,y,n,1
1620313,m,n,y,n,n,y,n,n,2
2311202,f,y,y,n,y,n,n,n,3
1635016,m,y,n,y,y,n,y,y,4
1511164,m,n,y,n,y,n,y,n,1
1912470,f,y,y,n,n,n,n,y,1
2211084,m,y,n,n,y,n,y,n,3
1330830,m,n,y,n,y,n,n,y,1
2311890,m,n,y,n,y,n,y,n,1
1621215,m,n,y,n,n,y,n,n,2
2012915,f,y,y,n,y,n,n,n,3
1912346,m,y,n,y,y,n,y,y,4
2211260,m,n,y,n,y,n,y,n,1
1421607,m,y,y,y,n,y,y,n,4
1620457,f,y,n,y,y,n,n,y,4
2311377,m,n,y,y,y,y,y,n,5
2013409,f,y,n,y,y,y,y,y,1
2012442,m,n,n,n,n,n,n,n,1
2311211,m,y,n,y,n,y,y,n,2
2311361,m,n,n,n,n,n,y,y,4
2312227,f,y,y,n,y,n,n,n,3
1530180,m,y,n,y,y,n,y,y,4
2012276,m,n,y,n,y,n,y,n,1
2211119,f,y,y,n,n,n,n,y,1
1911255,m,y,n,n,y,n,y,n,3
2312206,m,n,y,n,y,n,n,y,1
2312213,m,n,y,n,y,n,y,n,1
2311043,m,n,y,n,n,y,n,n,2
2311206,f,y,y,n,y,n,n,n,3
2311813,m,y,n,y,y,n,y,y,4
1621010,m,n,y,n,y,n,y,n,1
2312038,m,y,y,y,n,y,y,n,4
1931198,f,y,n,y,y,n,n,y,4
2211363,m,n,y,y,y,y,y,n,5
2211106,f,y,n,y,y,y,y,y,1
1721004,m,n,n,n,n,n,n,n,1
2311453,m,y,n,y,n,y,y,n,2
2311811,f,y,y,n,y,n,n,n,3
1931792,m,y,n,y,y,n,y,y,4
1612711,m,n,y,n,y,n,y,n,1
2211137,m,y,y,y,n,y,y,n,4
2311324,f,y,n,y,y,n,n,y,4
2211249,m,n,y,y,y,y,y,n,5
2325568,f,y,n,y,y,y,y,y,1
2311039,m,n,n,n,n,n,n,n,1
1631633,m,y,n,y,n,y,y,n,2
2312047,m,y,n,y,y,n,y,n,5
1911166,f,n,n,y,y,y,y,n,4
2312310,f,y,y,n,n,y,n,y,1
2013788,m,y,n,y,n,y,y,y,5
1632644,m,y,y,n,n,y,n,n,3
2311863,m,n,n,y,n,n,n,y,4
2311337,m,y,y,n,n,y,y,y,4
2211387,f,n,n,y,y,n,y,y,5
2211405,f,n,y,n,y,y,n,n,1
2311443,m,n,n,y,y,y,y,y,1
1911174,m,y,n,n,n,n,n,n,2
1632351,f,y,y,y,n,y,n,y,3
2311449,f,n,n,y,y,n,y,y,4
2325560,f,n,n,y,n,y,n,n,1
2311993,m,y,n,n,y,n,n,y,5
2211415,m,n,y,n,n,y,y,y,4
2312011,m,y,n,n,y,n,n,y,3
1711722,m,n,n,n,n,y,n,n,4
2211436,m,y,y,y,y,y,y,y,3
1912636,m,y,n,n,n,y,y,n,2
1620610,f,y,y,y,y,y,y,y,1
2312212,f,n,y,n,n,y,n,y,2
2311973,f,n,y,n,y,y,n,n,5
1712124,m,n,n,y,n,n,y,n,3
2211189,m,n,y,n,n,y,n,y,5
1831060,m,y,n,y,n,y,n,y,3
2311975,m,n,y,n,y,n,y,n,4
2312135,f,y,n,y,n,y,n,y,5
2312092,m,n,y,n,y,n,y,n,3
2211462,m,y,n,y,n,y,n,y,2
2312082,f,n,y,n,y,n,y,n,4
1631506,m,y,n,y,n,y,n,y,3
2311298,m,n,y,n,y,n,y,n,5
2014048,m,n,y,n,y,n,y,n,3
2211381,f,y,n,y,n,y,n,y,4
2311329,m,n,y,n,y,n,y,n,5
1610711,m,y,n,y,n,y,n,y,3
2311368,f,n,y,n,y,n,y,n,4
2311866,f,y,n,y,n,y,n,y,3
2211299,m,n,y,n,y,n,y,n,1
2211203,f,n,y,n,n,y,n,n,2
2122228,m,y,y,n,y,n,n,n,3
2311318,m,y,n,y,y,n,y,y,4
2312054,m,n,y,n,y,n,y,n,1
2211054,f,y,n,y,n,y,n,y,5
1612682,m,n,y,n,y,n,y,n,6
1811472,m,y,n,y,n,y,n,y,3
2311424,m,n,y,n,y,n,y,n,4
2311888,m,y,n,y,n,y,n,y,3
1512276,m,n,y,n,y,n,y,n,1
1511474,f,n,y,n,n,y,n,n,2
2211562,m,y,y,n,y,n,n,n,3
1431187,m,y,n,y,y,n,y,y,4
2211545,m,n,y,n,y,n,y,n,1
2311312,m,n,n,n,y,y,n,y,5
2311394,f,y,n,y,y,n,y,n,5
1721150,f,n,n,y,y,y,y,n,4
1311370,m,y,y,n,n,y,n,y,1
2211473,f,y,n,y,n,y,y,y,5
2325589,m,y,y,n,n,y,n,n,3
2312066,m,n,n,y,n,n,n,y,4
2312004,f,y,y,n,n,y,y,y,4
2211551,m,n,n,y,y,n,y,y,5
2021242,f,n,y,n,y,y,n,n,1
2312013,m,n,n,y,y,y,y,y,1
2211567,f,y,n,n,n,n,n,n,2
2211379,m,y,y,y,n,y,n,y,3
1620200,f,n,n,y,y,n,y,y,4
1831524,m,n,n,y,n,y,n,n,1
2312070,f,y,n,n,y,n,n,y,5
2021545,m,n,y,n,n,y,y,y,4
2211548,f,y,n,n,y,n,n,y,3
2031592,m,n,n,n,n,y,n,n,4
2311121,m,y,y,y,y,y,y,y,3
2312216,f,y,n,n,n,y,y,n,2
1611223,m,y,y,y,y,y,y,y,1
1711471,f,n,y,n,n,y,n,y,2
1911643,m,n,y,n,y,y,n,n,1
1811472,m,n,n,y,y,y,y,y,1
2311439,m,y,n,n,n,n,n,n,2
1612798,m,y,y,y,n,y,n,y,3
2311423,m,n,n,y,y,n,y,y,4
2311795,m,n,n,y,n,y,n,n,1
2211488,m,y,n,n,y,n,n,y,5
2311462,f,n,y,n,n,y,y,y,4
2311193,m,y,n,n,y,n,n,y,3
1510385,f,n,y,n,y,n,y,n,5
1610284,m,y,n,y,n,y,n,y,3
2312168,m,n,y,n,y,n,y,n,4
2312106,m,y,n,y,n,y,n,y,3
2312071,m,n,y,n,y,n,y,n,1
1621236,m,n,y,n,n,y,n,n,2
1620263,m,y,y,n,y,n,n,n,3
1711447,f,y,n,y,y,n,y,y,4
1921266,m,n,y,n,y,n,y,n,1
1320066,m,y,n,y,n,y,n,y,5
2312315,m,n,y,n,y,n,y,n,6
1711372,f,y,n,y,n,y,n,y,3
1611593,m,y,y,n,n,y,n,n,3
2311792,m,n,n,y,n,n,n,y,4
2311937,f,y,y,n,n,y,y,y,4
2211582,m,n,n,y,y,n,y,y,5
2312324,f,n,y,n,y,y,n,n,1
2311839,m,n,n,y,y,y,y,y,1
2012691,f,y,n,n,n,n,n,n,2
1831862,f,y,y,y,n,y,n,y,3
1611459,f,n,n,y,y,n,y,y,4
2311810,m,n,n,y,n,y,n,n,1
1631460,f,y,n,n,y,n,n,y,5
2311441,f,n,y,n,n,y,y,y,4
1921383,f,y,n,n,y,n,n,y,3
2311796,m,n,n,n,n,y,n,n,4
1621215,f,n,y,n,y,n,n,y,1
1610959,m,n,y,n,n,y,n,n,4
2211168,f,n,n,n,y,n,y,n,5
1632298,f,n,y,y,y,y,n,n,6
2311858,f,y,n,y,y,n,n,n,2
1410345,m,y,y,n,n,n,y,n,5
2211385,m,y,y,y,y,n,y,n,1
2311019,m,n,n,n,n,n,n,n,4
2021474,f,n,y,n,y,n,y,y,1
2021761,f,y,n,y,y,y,n,y,5
1310480,f,n,y,n,n,y,y,n,4
1611035,f,y,n,n,y,y,y,y,3
1610284,m,n,y,y,y,n,n,n,4
2311812,m,y,n,n,y,n,y,n,1
2312115,f,n,y,n,n,y,n,y,4
1831292,f,y,n,n,n,n,y,n,1
1721268,m,n,n,y,n,y,n,n,5
2312192,m,y,n,y,n,n,y,y,6
1612711,f,n,n,n,n,y,y,y,3
2312188,f,y,n,y,y,n,n,n,3
2211425,m,y,y,n,y,y,n,y,4
2312187,m,n,y,y,n,n,y,y,4
2211077,f,y,y,y,y,y,n,y,5
2211575,m,n,y,y,y,y,y,y,1
2311390,m,n,n,n,n,n,n,n,1
2311371,m,y,y,n,y,n,y,n,2
1721528,f,n,y,y,n,y,y,y,3
1931859,m,n,y,n,y,n,n,n,4
1320399,m,n,n,y,n,n,y,y,4
1711328,f,y,n,n,y,y,y,n,5
1420098,m,n,n,y,n,n,y,y,4
1721115,m,n,n,n,y,n,n,n,3
1711211,m,y,n,y,n,n,y,y,4
1712447,m,y,n,n,y,n,n,n,1
1530196,m,n,n,y,n,y,n,y,4
1610755,f,y,y,y,y,n,n,y,1
2311112,f,n,y,y,n,n,n,y,3
2211509,m,y,n,n,n,y,n,n,4
2311308,m,y,y,y,n,y,n,y,3
2311199,m,n,n,n,n,n,n,n,2
1711417,m,n,n,y,y,y,y,n,6
2312249,m,n,y,n,y,y,n,n,2
2312084,f,n,y,y,n,n,n,y,5
1420968,f,n,y,y,y,y,n,y,1
2325567,m,y,n,n,n,n,n,n,4
2211318,m,y,n,y,n,y,n,y,1
1512067,m,n,y,n,y,y,y,n,5
2211284,m,y,n,y,n,n,y,y,4
2211476,m,n,y,n,n,y,y,y,3
1421179,m,n,n,y,y,y,n,n,4
2311436,f,y,y,n,n,y,n,y,1
1520647,f,n,n,y,n,n,y,n,4
1721300,m,n,y,n,n,n,n,y,1
2211141,m,y,n,n,y,n,y,n,5
2211399,m,n,y,n,y,n,n,y,6
2012955,f,n,n,n,n,n,y,y,3
1631844,m,n,y,n,y,y,n,n,3
2211252,m,y,y,y,n,y,y,n,4
2311220,f,y,n,y,y,n,n,y,4
1610185,m,n,y,y,y,y,y,n,5
1620570,f,y,n,y,y,y,y,y,1
2312147,m,n,n,n,n,n,n,n,1
2311384,m,y,n,y,n,y,y,n,2
2211367,f,y,y,n,n,n,n,y,1
2021323,m,y,n,n,y,n,y,n,3
2311357,m,n,y,n,y,n,n,y,1
1821693,m,n,y,n,y,n,y,n,1
1712532,m,n,y,n,n,y,n,n,2
2211102,f,y,y,n,y,n,n,n,3
1410290,m,y,n,y,y,n,y,y,4
2312255,m,n,y,n,y,n,y,n,1
1631713,m,y,n,y,n,y,n,y,5
1620855,m,n,n,n,y,n,y,n,2
2311880,m,y,n,y,n,n,n,y,3
2311333,m,y,y,n,n,y,n,n,3
2311440,m,n,n,y,n,n,n,y,4
2311956,m,y,n,n,n,y,y,y,4
1411011,m,n,n,y,y,n,y,y,5
2312145,f,n,y,n,y,y,n,n,1
1512311,m,n,n,y,n,y,y,y,1
1711194,m,y,n,n,n,n,n,y,3
2211094,m,y,y,y,n,n,n,y,1
2311818,m,n,n,y,y,n,y,y,4
2211139,f,n,n,y,n,y,n,n,1
1612789,f,y,n,n,y,n,n,y,5
1521293,m,n,n,y,n,n,n,y,4
2211303,f,y,y,n,n,y,y,y,4
2012915,f,n,n,y,y,n,y,y,5
2211078,f,n,y,n,y,y,n,n,1
2311825,f,n,n,y,y,y,y,y,1
2311959,m,y,n,n,n,n,n,n,2
2211414,m,y,y,y,n,y,n,y,3
2211305,m,n,n,y,y,n,y,y,4
2311412,m,n,n,y,n,y,n,n,1
1632023,m,y,n,n,y,n,n,y,5
2021209,f,n,y,n,n,y,y,y,4
2311799,f,y,n,n,y,n,n,y,3
1711042,m,n,n,n,n,y,n,n,4
2311219,f,y,y,y,y,y,y,y,3
2211056,m,y,n,n,n,y,y,n,2
1310070,f,y,y,y,y,y,y,y,1
2311198,f,n,y,n,n,y,n,y,2
2311924,m,n,y,n,y,y,n,n,5
1611889,f,y,n,n,y,n,n,y,5
2311327,m,n,y,n,n,y,y,y,4
2311020,m,y,n,n,y,n,n,y,3
1620639,m,n,n,n,n,y,n,n,4
2312018,m,y,y,y,y,y,y,y,3
2311304,m,y,n,n,n,y,y,n,2
2211112,m,y,y,y,y,y,y,y,1
1711441,f,y,n,y,n,y,y,y,4
2011127,m,n,y,n,n,y,n,n,3
2312000,f,n,n,y,y,y,n,y,3
2312262,m,n,y,n,n,y,n,y,2
2311426,m,n,n,y,n,n,y,n,3
1530852,f,y,n,n,n,n,y,n,4
2311395,m,y,n,n,y,n,n,n,3
2311408,m,y,y,y,y,y,y,y,3
2312102,m,y,n,n,n,y,y,n,2
2311123,m,y,y,y,y,y,y,y,1
2312005,f,y,n,y,n,y,y,y,4
1632026,f,n,y,n,n,y,n,n,3
2312146,f,n,n,y,y,y,n,y,3
2312078,m,n,y,n,n,y,n,y,2
2211228,m,n,n,y,n,n,y,n,2
2311914,m,y,n,n,n,n,y,n,4
2211331,m,y,n,n,y,n,n,n,3
2311899,m,y,y,y,y,y,y,y,3
2211224,m,y,n,n,n,y,y,n,2
1621236,m,y,y,y,y,y,y,y,1
2211144,f,y,y,n,y,n,y,y,4
1621640,f,n,y,n,n,y,n,n,2
2132446,m,n,n,y,y,y,n,y,3
2211326,m,n,y,n,n,y,n,y,2
1921313,m,n,y,y,n,n,y,n,4
2211138,f,y,n,n,n,n,y,n,4
1631888,f,y,n,n,y,n,n,n,3
2325581,f,n,y,y,n,n,n,y,1
2211190,m,n,y,y,y,n,y,y,1
1931269,m,y,n,n,n,n,n,n,2
2211302,m,y,y,y,n,y,y,y,3
2312251,f,y,y,y,n,y,n,y,1
2311353,f,n,y,y,y,n,n,n,2
2311187,f,y,y,y,y,y,y,y,3
2211553,m,y,n,n,n,y,n,n,1
1631055,m,y,n,n,y,y,y,n,4
2211471,f,y,n,n,y,y,n,n,3
2311307,m,n,y,y,n,n,n,y,2
1711209,m,n,y,y,y,n,y,n,4
2211433,m,n,n,n,y,y,y,y,3
2312044,m,y,y,y,n,n,n,n,1
2211396,m,y,y,y,y,n,y,n,2
2211165,f,n,y,n,n,y,n,n,3
2312036,f,n,n,y,y,y,n,y,3
1911340,f,n,y,n,n,y,n,y,2
2311474,m,n,n,y,n,n,y,n,3
2211263,f,y,n,n,n,n,y,n,4
1520907,m,y,n,n,y,n,n,n,3
2211500,m,y,y,y,y,y,y,y,3
1620392,m,n,y,y,n,n,n,y,2
2312179,m,n,y,y,y,n,y,n,4
2011623,m,y,y,y,n,y,y,n,2
2311279,f,y,y,n,n,n,n,n,5
2211507,m,y,n,n,n,y,n,y,5
2211307,m,n,n,y,y,n,n,y,2
1911963,m,n,y,n,y,n,y,y,3
2013100,f,y,n,n,n,n,y,n,1
1620131,m,n,y,y,y,n,n,n,3
2211179,m,n,y,n,n,y,y,n,2
1612316,m,y,n,y,y,y,y,n,1
2022107,m,n,n,y,y,n,y,n,2
1530415,m,y,y,y,n,n,n,n,4
2211096,m,n,y,y,y,y,n,n,4
2211370,f,n,y,n,n,y,n,y,4
2211097,m,y,n,n,y,y,n,n,4
2311356,m,y,y,y,n,y,n,n,2
1911525,f,n,y,y,n,y,y,y,3
2031341,m,y,y,y,y,y,n,n,5
1612575,m,y,n,y,n,n,y,y,2
2311124,m,y,y,n,n,n,y,y,2
2211154,f,y,n,y,n,y,n,y,3
2211373,m,y,y,y,n,n,y,y,4
2311867,f,n,n,n,y,n,n,y,3
2312279,f,n,n,y,y,n,y,y,1
2211282,f,y,y,y,y,y,y,n,2
2312301,m,n,n,n,n,y,n,y,1
1421607,f,y,y,y,y,y,n,y,2
2211470,m,y,y,y,y,y,n,n,5
2311872,m,y,y,n,n,n,y,y,1
1610459,m,y,y,n,y,y,n,n,5
1713082,f,y,y,n,n,y,n,n,1
2013635,m,n,n,y,n,n,n,n,2
2211242,m,y,n,y,n,n,n,n,1
1921971,m,y,y,n,y,n,n,y,5
2013337,m,n,y,n,y,y,y,n,1
2013416,m,y,n,n,y,y,y,n,2
2311365,m,n,y,y,y,y,n,n,2
1531358,m,n,y,n,y,y,y,n,1
2311428,f,y,n,y,y,n,n,y,5
2211327,m,n,n,n,y,n,y,y,4
2312318,m,n,y,n,y,y,n,n,4
2312241,m,n,y,y,y,n,y,y,2
2311023,f,n,n,y,n,y,n,n,4
2312302,f,y,n,y,y,y,n,n,1
2211158,m,n,n,y,n,n,y,n,4
2211261,m,n,y,n,y,y,y,y,5
1620235,f,y,y,n,n,y,y,y,4
1632664,f,n,n,n,n,n,n,y,5
1330830,f,n,n,n,n,n,n,y,5
2011462,f,n,n,n,n,n,n,y,5
2022188,f,n,n,n,n,y,y,n,5
2312312,f,y,y,n,n,n,y,y,2
2311025,m,y,y,n,y,n,y,y,1
1620298,m,n,y,y,n,y,y,n,4
2312304,f,n,n,n,y,n,n,y,1
1931245,m,y,n,n,y,y,y,y,2
2231539,m,y,n,y,y,n,y,y,2
2312098,m,y,n,y,n,y,n,n,5
1530823,m,n,n,y,y,y,y,y,2
2312186,f,y,n,n,n,y,y,n,2
2211145,f,y,y,n,n,n,n,y,3
2211171,f,y,y,y,n,n,n,y,3
2311988,f,y,y,n,y,n,y,y,4
1712026,m,y,n,y,y,n,n,y,2
1610875,f,y,y,y,y,y,y,n,5
1931267,m,n,y,y,y,n,n,y,4
2311444,m,y,y,n,n,n,y,y,5
2311314,f,n,n,n,y,y,y,y,1
2211580,f,n,y,n,y,y,n,y,1
1511644,f,n,n,y,n,n,n,n,2
1530370,m,y,y,n,n,n,y,n,2
2312238,m,n,n,n,y,n,y,n,4
2211291,m,y,y,n,y,n,n,n,4
1330358,m,y,y,y,n,n,y,y,5
2211195,f,n,y,y,n,n,y,n,2
2325566,f,y,n,y,y,n,y,n,3
2312237,f,n,n,n,n,n,n,y,5
1721151,m,n,n,n,n,n,n,y,4
2211380,m,y,y,n,n,y,y,y,1
1610755,f,n,y,y,y,y,y,y,2
1611029,m,n,y,n,y,n,n,n,1
2021476,f,n,y,n,n,y,n,y,5
2211178,m,y,n,y,n,n,y,y,5
2311990,f,y,y,n,n,n,y,n,3
1911795,f,n,n,y,y,y,n,y,2
1712532,m,y,n,n,y,y,n,n,1
1610440,f,n,n,y,y,n,y,y,5
2211184,m,y,y,n,y,n,n,n,2
1612344,f,y,y,n,n,y,y,y,1
2211546,m,n,n,y,y,n,n,n,4
2211459,f,n,n,y,n,y,y,n,1
2211262,f,n,y,y,n,n,y,n,1
2311873,m,y,y,y,n,y,n,y,1
1711441,f,n,y,n,y,n,y,n,5
2312182,m,y,n,n,y,y,y,n,4
1721130,m,n,y,y,y,n,y,n,2
1431187,m,y,n,y,y,n,n,n,4
2311399,m,n,y,y,y,n,y,n,2
2211320,m,y,y,n,y,n,y,n,2
1611593,f,n,y,n,n,n,n,n,2
1430041,f,n,n,y,y,n,n,n,5
1931105,m,n,n,y,n,y,y,y,3
1430528,f,n,y,n,n,y,y,n,3
2211156,f,y,n,y,y,y,y,n,3
2013552,m,y,n,y,n,n,n,n,5
1320066,f,n,y,y,y,y,n,y,1
2311979,m,y,y,y,n,n,y,y,4
1921549,m,n,n,y,y,n,y,n,2
2311954,m,y,y,y,y,n,y,n,3
2012897,f,n,n,y,n,y,n,n,2
1620432,m,n,y,n,y,n,n,y,2
1632006,f,y,n,n,y,y,n,n,5
2312022,m,n,y,y,n,y,y,y,3
2311943,m,y,n,y,y,y,n,y,2
1713109,f,n,y,y,y,y,y,n,3
1831819,m,y,y,y,n,y,y,n,5
2211485,m,n,n,n,y,n,n,y,3
2211223,m,n,n,n,n,y,n,n,1
2012927,f,y,n,n,y,y,y,y,5
2211588,m,y,n,n,n,y,n,y,3
1631265,f,y,n,y,y,n,n,y,3
2211136,m,n,y,n,y,y,y,y,5
2312314,f,y,y,y,y,n,y,n,2
2211566,f,y,n,y,n,n,y,n,5
2311448,m,y,n,n,y,y,n,n,3
2311302,m,n,n,y,y,n,y,y,3
1712646,m,y,y,n,y,n,n,y,3
2311403,f,y,n,n,n,y,n,y,3
2312155,f,y,y,n,n,y,y,n,4
1511858,f,y,n,y,n,y,n,y,1
1410616,f,n,y,y,y,n,n,n,1
1711364,f,y,y,y,y,n,n,n,1
2311431,m,n,n,y,n,y,n,n,1
2312060,m,y,y,n,n,y,y,y,5
2311413,f,n,n,y,y,y,y,y,3
2311033,f,n,n,n,n,y,n,y,3
1610459,f,n,y,y,n,y,y,n,2
2211535,m,n,n,y,n,n,y,y,1
2211186,m,n,n,n,y,y,n,y,3
1813028,f,y,y,y,n,y,n,n,1
2311017,m,n,y,y,n,n,n,y,5
2211296,m,n,y,n,n,y,n,y,5
1612575,f,y,n,n,n,n,n,y,4
1911998,f,y,y,y,n,n,y,y,5
1712365,m,y,y,n,n,y,n,n,3
2311844,f,y,n,n,y,y,y,n,3
2211237,f,n,y,y,y,n,y,n,2
2211377,f,y,y,y,n,y,n,n,5
2311111,m,y,n,y,y,y,n,y,3
1831571,m,y,y,n,y,n,n,y,3
2211451,f,y,y,y,y,y,n,y,1
2013946,f,y,n,n,n,n,n,n,1
2031496,m,n,n,n,n,n,y,n,5
2312020,f,y,n,n,y,y,y,y,1
2325558,f,n,y,n,n,n,y,n,5
2311392,f,y,n,n,y,n,n,y,3
2211461,f,n,n,n,n,y,n,n,4
2311841,m,n,n,n,n,n,y,n,1
2311109,f,y,y,y,n,n,n,y,5
2211127,m,y,y,y,y,n,y,n,5
1610664,f,y,n,n,n,y,n,n,1
1512840,f,n,y,n,n,n,y,n,5
2211481,f,y,n,y,y,n,y,n,3
1712426,m,y,y,y,y,n,y,y,1
1821158,m,n,y,n,y,y,n,y,4
2311957,m,n,y,y,n,y,y,n,4
1421557,f,n,y,n,y,n,y,n,2
1711321,m,y,y,n,y,n,y,n,2
1921700,m,n,n,n,y,y,n,n,1
1521800,f,n,n,y,n,n,n,n,4
2211259,f,y,y,y,y,y,y,n,4
2231335,f,n,n,y,y,n,y,n,5
2325317,m,y,n,y,y,n,y,n,4
2325237,m,n,y,n,n,n,y,n,1
2325257,f,n,n,n,n,n,y,n,2
2231361,f,y,n,y,n,n,y,n,4
2231509,m,n,n,n,y,n,n,y,1
2231341,m,y,y,n,n,n,n,y,3
2325250,f,n,y,n,n,n,n,y,4
2231493,f,y,y,y,y,y,y,y,5
2231444,f,n,n,y,n,y,n,n,1
2231433,m,y,y,y,y,y,n,y,4
2325101,m,n,n,y,y,n,y,y,3
2325256,m,n,n,n,n,y,n,y,2
2231553,f,y,y,n,y,y,n,y,5
2325157,m,y,n,y,n,y,y,n,1
2231548,m,y,y,y,n,y,y,y,3
2231421,m,n,n,y,n,y,n,n,1
2231353,f,y,y,y,n,n,n,y,2
2231520,m,y,n,n,n,n,y,n,1
2325125,f,y,y,y,n,y,y,y,2
2231502,m,n,y,y,y,n,n,y,3
2325109,m,y,n,y,n,n,y,n,4
2231572,f,y,y,y,n,n,y,y,1
2325220,m,n,y,n,n,y,n,n,2
2231491,m,n,n,y,y,y,n,y,2
2325172,m,y,n,n,n,y,y,n,3
2231545,f,y,y,n,n,y,y,y,1
2325198,f,n,n,n,n,y,n,y,2
2231577,m,y,y,n,y,y,y,n,1
2325219,m,n,n,y,n,n,y,n,3
2231334,f,n,n,n,n,y,y,y,3
2231329,f,y,y,n,y,y,n,y,2
2231510,f,y,y,n,n,n,n,n,2
2231478,f,n,n,y,y,y,n,y,1
2231554,f,y,y,y,n,y,y,y,5
2231464,f,y,n,n,y,y,y,n,1
2325027,f,n,y,n,n,n,n,n,3
2231432,f,n,y,y,y,y,y,n,5
2231388,m,n,n,y,n,n,y,y,5
2325306,f,y,y,y,y,n,n,n,3
2231437,f,n,y,y,n,n,y,n,1
2325260,f,n,y,n,y,y,n,n,2
2231447,f,n,n,n,y,y,y,y,3
2325173,m,n,n,y,n,n,n,n,3
2325297,m,y,n,y,y,y,n,y,5
2325011,m,y,n,y,n,y,y,y,2
2325251,m,y,y,y,y,n,y,n,1
2325164,f,n,n,n,y,n,y,n,5
2325240,f,n,y,y,y,y,y,n,4
2325242,f,y,n,n,n,n,n,n,1
2325065,m,n,y,y,n,y,n,n,4
2231488,m,y,n,y,n,n,n,y,2
2325278,f,n,y,n,y,n,y,y,3
2325208,f,n,n,y,n,y,n,y,3
2325152,f,n,n,n,y,y,y,y,3
2231382,m,y,n,n,n,y,n,n,3
2325280,f,y,y,n,n,y,n,n,1
2325275,f,n,n,n,y,n,y,y,5
2231557,m,y,n,y,y,n,n,y,2
2231434,f,n,n,n,y,n,n,n,1
2325114,f,n,y,y,n,y,n,n,1
2231448,m,y,n,n,n,y,n,y,2
2231540,f,n,y,n,n,n,n,n,4
2325136,m,n,y,y,y,n,y,n,4
2325214,m,n,y,y,n,n,n,y,3
2231492,m,n,n,n,n,y,n,y,5
2231565,f,n,n,n,y,y,n,y,2
2231411,f,n,y,n,y,y,n,y,4
2325106,m,n,n,y,y,n,n,n,5
2231458,m,n,n,n,y,y,y,n,1
2325197,m,n,y,n,y,y,n,y,4
2325048,f,n,y,y,n,y,n,n,4
2231556,f,n,y,y,y,y,y,y,2
2325088,m,n,n,n,n,n,y,n,3
2231419,f,y,n,y,n,y,n,n,5
2231336,f,n,n,n,n,y,y,y,3
2325046,f,n,y,n,n,y,n,y,1
2325261,m,y,y,y,n,y,y,n,5
2325267,m,y,y,n,y,y,n,y,4
2325313,f,y,n,y,y,n,n,y,4
2325273,f,y,y,n,n,y,y,y,1
2231538,f,y,n,n,y,y,n,n,1
2325321,f,n,n,n,y,n,y,n,2
2325091,m,y,n,n,y,y,n,y,4
2231512,m,n,y,n,n,n,n,n,5
2325126,f,n,y,y,y,n,y,n,4
2325150,m,y,n,y,n,n,n,n,3
2325323,m,y,y,n,y,n,n,y,5
2325246,m,n,n,n,y,n,y,n,4
2231347,f,n,n,y,y,y,y,y,5
2325127,f,n,n,y,y,n,y,y,5
2325067,m,n,y,y,y,n,n,n,4
2325274,f,n,y,y,y,y,n,y,3
2325311,f,y,n,n,y,n,n,y,4
2325117,m,n,y,n,y,y,n,y,1
2325061,m,n,n,y,n,y,y,n,5
2231413,f,y,n,n,y,n,n,y,2
2325135,f,y,y,y,n,n,n,y,4
2325057,m,n,n,n,y,y,n,y,1
2325288,f,y,n,n,y,n,y,y,3
2231505,m,n,y,n,n,y,y,y,5
2325115,m,n,n,n,n,n,n,y,2
2231368,f,n,n,y,n,n,y,n,5
2325315,m,n,y,y,n,y,y,n,1
2325258,m,y,n,y,n,n,n,y,3
2231586,m,n,n,y,n,n,n,y,4
2231369,m,y,y,n,y,n,n,n,1
2231480,f,n,y,n,n,n,y,y,5
2231403,f,n,y,n,y,n,y,y,3
2325241,m,y,y,y,n,y,y,n,1
2325076,f,n,n,n,y,y,n,n,5
2231360,f,n,n,n,n,y,n,y,4
2325030,f,y,y,n,y,n,n,y,1
2325146,f,y,n,n,n,y,n,n,2
2231563,f,n,y,y,n,n,y,y,1
2231529,m,y,n,y,y,n,n,n,3
2325151,m,n,n,n,y,n,y,y,1
2325193,f,n,n,n,n,n,y,y,1
2325087,f,y,y,y,y,y,y,n,4
2325232,m,n,n,y,n,y,y,y,2
2325009,f,y,y,n,n,n,y,y,5
2231436,m,y,n,y,y,n,n,y,1
2325018,f,n,n,n,n,y,n,n,2
2231405,m,y,n,y,n,n,n,y,2
2325092,m,y,y,n,y,y,y,n,1
2325248,m,y,n,n,n,y,y,y,2
2231356,f,n,y,y,n,y,n,y,4
2231440,m,n,n,n,n,y,n,y,4
2231468,f,y,n,y,y,y,y,n,5
2325184,f,n,y,n,n,n,y,n,5
2325167,m,n,y,n,n,n,y,y,1
2231496,f,y,n,n,y,n,n,n,4
2325325,m,n,n,n,n,y,y,n,2
2231378,m,y,n,n,n,n,y,n,5
2325014,f,y,y,n,n,n,y,y,1
2231532,f,y,y,n,y,n,y,n,2
2325098,f,y,n,y,y,y,n,y,1
2231539,m,n,n,y,n,n,y,y,4
2231438,m,y,y,y,y,n,y,n,4
2231517,f,n,y,n,y,n,y,n,1
2231585,f,n,n,n,y,y,y,y,4
2231485,f,n,n,n,y,n,y,n,4
2325053,m,n,y,y,n,y,n,n,5
2325078,f,y,y,n,n,y,n,y,1
2231467,m,n,y,y,n,n,y,y,1
2231357,m,n,n,y,y,n,y,n,1
2325107,m,y,y,y,n,y,y,y,1
2231445,f,n,y,y,n,y,y,n,4
2325047,m,n,y,y,y,n,y,y,2
2325322,f,y,y,n,y,y,y,y,2
2325169,f,y,n,y,n,y,n,y,3
2325268,f,n,n,y,y,n,n,y,3
2231350,m,y,n,n,y,y,y,y,1
2231499,m,y,n,n,y,n,n,y,5
2231452,f,y,y,y,y,n,n,y,2
2325032,f,y,n,y,n,y,n,y,5
2325229,m,y,n,y,n,n,y,y,5
2325187,m,y,y,n,y,n,n,n,4
2325200,f,n,y,y,n,n,n,y,5
2325022,m,n,y,n,n,y,n,y,3
2325161,m,n,n,y,y,y,n,n,3
2231453,f,y,y,y,y,y,n,n,2
2231423,m,y,y,n,n,n,y,y,4
2231430,f,y,n,y,y,n,y,y,5
2325204,m,y,y,n,n,n,n,n,3
2231420,m,y,n,y,y,y,y,y,4
2231534,f,y,n,y,y,n,n,y,5
2231365,m,n,y,n,y,y,y,n,2
2231355,f,y,n,y,n,y,n,y,1
2325238,f,y,n,y,n,n,n,n,2
2325307,m,n,n,y,y,y,n,n,3
2231404,f,n,n,n,n,y,y,n,4
2231471,f,n,y,n,y,y,n,n,2
2325225,m,y,y,n,n,y,y,n,3
2325160,f,y,y,n,y,n,y,n,1
2231527,f,y,y,n,n,y,n,n,2
2231377,f,y,n,y,y,n,y,y,3
2325295,m,n,y,n,y,y,y,n,3
2231583,f,y,n,n,y,n,n,n,3
2231427,m,y,n,y,n,n,y,y,5
2231439,m,n,n,y,n,y,y,y,2
2231528,f,n,n,y,y,n,n,n,5
2325289,f,n,y,n,y,y,y,n,4
2325192,m,y,y,n,y,y,n,y,5
2325290,f,y,n,n,y,y,n,n,1
2231500,m,n,n,y,n,y,n,y,4
2231569,m,y,n,n,y,n,y,y,1
2325265,f,y,n,n,y,y,n,n,4
2325034,f,n,n,y,n,n,n,y,4
2325228,m,n,y,n,y,n,n,n,5
2325226,f,n,y,y,n,n,n,n,2
2325233,m,n,y,y,y,n,n,n,5
2231348,f,y,n,n,y,y,y,y,4
2325013,m,n,y,n,n,y,y,y,3
2325316,f,n,y,n,n,y,n,y,4
2325122,f,n,y,y,n,y,y,n,3
2231564,f,n,n,y,n,y,n,n,5
2325185,m,n,y,n,n,y,n,n,2
2231384,f,y,y,n,y,y,n,n,3
2231475,m,y,n,n,n,n,y,n,3
2231525,m,y,y,n,y,n,y,y,5
2231547,f,y,n,y,n,y,y,y,3
2325212,f,y,n,n,n,y,n,n,4
2231515,m,n,y,y,y,n,n,n,1
2231389,m,n,n,y,y,n,y,n,2
2325119,m,n,y,y,y,n,n,n,4
2325318,f,n,y,y,y,n,y,n,5
2325269,f,y,y,y,n,y,y,n,4
2231472,f,n,y,y,y,n,n,n,1
2325086,m,y,n,n,y,n,n,y,1
2325081,f,n,n,y,n,y,n,n,3
2231562,m,n,y,y,y,y,y,n,4
2231372,f,n,y,y,y,n,n,y,4
2231514,f,n,n,n,y,y,y,y,4
2231516,f,n,y,y,n,y,n,n,1
2325084,f,y,n,n,y,n,y,y,1
2325183,m,n,y,n,n,n,y,n,2
2231406,f,n,y,y,y,y,n,y,3
2325230,f,n,y,y,y,n,n,y,2
2231346,m,n,y,n,y,y,n,y,5
2231513,m,y,y,y,y,n,y,n,3
2325158,m,n,n,n,y,n,y,n,5
2231530,m,n,y,y,n,n,y,n,3
2325089,m,n,n,y,y,n,y,y,3
2325170,f,y,n,n,y,n,n,y,1
2231343,f,n,n,n,n,y,y,n,4
2231417,m,y,y,n,y,y,n,n,2
2231435,m,y,y,y,n,n,n,n,3
2325090,m,n,y,y,n,y,n,y,5
2325243,m,n,n,n,y,n,n,y,5
2325277,m,n,n,y,n,y,n,y,4
2325041,f,n,y,n,n,n,y,y,4
2231345,m,y,y,n,n,n,y,n,5
2231364,f,y,n,y,y,y,n,n,1
2231584,m,y,y,n,y,y,n,n,5
2325070,m,y,n,y,n,n,n,n,1
2231337,m,n,y,n,n,y,y,y,4
2325121,f,y,n,y,n,y,y,y,5
2231398,m,n,y,y,n,n,y,y,5
2231507,f,n,y,n,y,y,n,y,3
2231399,f,n,n,n,n,y,n,y,5
2231402,f,y,y,n,n,y,n,n,2
2231391,f,n,y,y,n,y,y,y,3
2325077,f,y,n,n,n,y,n,n,1
2231521,m,y,n,y,n,y,n,y,1
2325166,f,n,n,y,y,y,y,y,2
2325299,f,y,n,y,y,n,n,y,4
2231535,f,y,n,y,y,n,y,y,3
2325134,f,y,n,y,n,y,n,y,5
2231560,m,y,n,y,n,n,y,n,4
2325308,m,y,n,n,n,y,y,y,5
2325218,f,y,n,n,y,n,y,y,5
2231536,f,y,y,y,y,n,y,n,1
2231555,m,y,n,n,n,y,y,y,1
2325285,m,y,y,y,y,y,n,y,3
2325020,m,y,y,y,y,n,n,n,1
2231425,m,n,y,y,y,y,y,n,2
2325132,m,y,n,n,y,y,y,n,5
2325276,m,y,y,n,n,y,y,n,2
2231418,f,y,y,n,y,n,y,n,5
2325180,f,n,n,n,y,y,y,n,4
2325205,f,y,y,y,n,y,n,y,4
2325215,m,y,n,y,n,y,n,n,5
2231561,m,n,n,y,n,n,n,y,5
2231373,f,y,n,y,y,n,y,y,2
2325300,f,y,y,y,n,n,n,y,1
2231503,f,y,n,n,n,y,n,y,4
2325320,m,y,y,n,n,n,n,y,5
2325137,f,y,n,y,n,y,n,n,1
2231511,m,y,y,n,y,n,y,y,5
2325116,m,y,n,n,n,y,n,n,1
2231344,m,n,y,n,n,y,n,n,3
2325074,m,y,y,n,y,y,y,n,4
2325120,m,y,n,n,y,n,n,n,2
2325181,f,n,y,y,y,n,y,n,1
2325021,f,y,y,n,n,n,n,y,2
2325140,m,n,n,y,y,y,n,y,5
2325236,m,y,n,n,n,n,n,n,2
2325199,m,n,n,y,n,y,n,y,5
2231387,m,n,n,y,y,n,y,y,1
2325093,f,n,y,n,n,n,n,n,2
2325188,f,n,n,y,y,n,n,n,2
2325080,f,n,y,n,n,y,n,n,5
2325110,m,y,n,n,y,n,y,y,1
2325301,f,n,n,y,n,y,y,y,1
2231400,m,y,y,n,n,y,y,n,2
2325139,f,y,n,y,y,n,n,n,2
2231443,m,n,n,n,n,n,y,n,3
2231571,m,n,y,y,y,n,y,y,3
2231408,m,y,y,n,n,y,n,y,2
2325085,m,n,y,y,y,n,y,n,1
2231367,f,y,y,n,y,n,y,y,3
2325163,f,y,y,y,y,n,y,y,3
2325008,f,n,n,n,n,n,n,y,4
2325082,f,y,y,y,n,n,y,y,4
2325249,f,n,n,y,n,y,n,y,4
2231385,f,y,n,y,y,n,n,n,5
2325105,m,n,n,y,y,y,y,y,3
2231457,f,n,n,y,n,y,n,n,1
2231374,f,n,n,y,y,n,y,n,5
2231426,m,y,n,y,n,n,n,y,2
2325196,f,y,y,n,n,y,y,n,3
2231386,f,n,n,y,y,n,y,y,2
2231490,f,y,y,n,y,n,y,n,4
2231568,m,y,y,n,n,y,n,y,2
2325252,m,y,n,n,n,y,y,y,4
2231449,f,n,y,n,y,y,y,y,1
2325254,f,y,n,n,y,y,y,n,5
2231494,f,y,n,y,y,n,y,y,1
2231349,f,n,y,y,y,y,n,y,1
2325129,f,n,n,y,y,n,y,y,2
2231342,m,y,n,n,y,n,n,y,1
2231375,m,n,n,y,n,n,n,y,1
2325025,f,n,n,y,y,y,y,y,3
2325033,m,y,y,n,n,y,n,n,5
2325060,m,y,y,y,n,n,y,n,1
2325282,f,n,n,n,n,y,y,y,2
2325026,m,n,y,n,y,n,y,n,2
2325175,m,n,y,y,y,n,y,y,5
2231461,f,n,y,y,n,n,n,y,4
2325100,f,n,y,n,n,n,y,y,5
2231484,f,y,n,y,y,y,n,n,3
2231407,m,n,n,n,y,n,n,n,2
2325283,f,n,y,y,y,y,y,n,4
2325037,m,y,n,n,n,n,y,n,1
2231518,f,y,y,y,y,y,y,y,5
2325203,m,n,n,n,y,n,y,y,3
2231354,m,n,y,n,y,n,n,y,1
2325045,f,y,y,n,n,n,n,y,1
2325111,m,n,y,y,y,n,n,n,4
2231441,m,n,n,n,y,n,y,y,5
2325211,m,y,y,y,n,y,y,y,5
2231396,m,n,n,y,y,y,n,n,5
2231424,m,y,n,y,y,n,n,n,4
2231362,m,y,n,y,y,y,n,n,1
2325194,m,n,y,y,y,y,n,n,4
2325259,f,n,y,y,n,y,n,y,4
2325149,m,n,n,n,y,n,n,n,4
2231581,f,y,n,n,y,n,n,n,2
2231476,m,n,n,n,y,n,n,y,4
2325083,m,n,n,y,n,n,y,n,3
2325028,m,y,y,y,y,y,y,n,1
2325293,f,n,y,n,n,y,n,y,2
2231497,f,y,n,y,n,y,y,n,2
2231414,f,y,n,n,n,n,n,y,2
2325310,m,y,y,n,y,y,n,n,2
2231506,m,n,y,n,y,n,y,n,5
2325123,f,y,y,n,n,y,n,n,2
2231429,m,n,n,y,y,n,y,n,5
2231455,m,y,y,y,y,y,y,n,3
2325294,m,y,n,y,n,y,y,y,3
2231544,f,y,n,n,y,y,y,n,1
2325207,f,n,n,y,y,y,n,y,4
2325012,m,n,y,y,n,y,y,y,2
2325066,f,n,y,y,n,n,n,n,4
2231392,f,y,n,y,n,n,y,y,2
2325052,m,n,y,y,y,y,n,y,1
2231504,m,y,n,n,y,n,y,y,1
2231470,m,n,n,y,n,n,n,n,1
2325073,f,n,n,n,n,y,n,y,5
2325099,m,n,y,n,y,n,n,n,5
2231454,f,y,y,y,n,y,n,y,3
2325142,f,n,y,y,n,y,n,n,2
2325138,f,y,n,n,y,n,y,n,3
2231552,f,y,y,y,n,y,y,y,3
2231474,m,y,n,y,n,y,y,n,1
2325244,f,y,n,n,y,y,n,y,2
2325281,f,y,n,n,n,y,y,n,4
2231446,f,n,y,n,n,n,n,n,3
2325223,m,y,n,n,y,y,n,y,5
2325326,m,y,n,y,y,y,y,y,3
2325044,f,n,y,n,n,y,y,y,5
2325063,m,y,n,y,n,n,n,y,1
2325148,m,n,n,y,n,y,y,n,2
2231576,f,n,n,y,n,n,n,n,3
2231393,f,n,y,n,n,y,n,n,3
2325097,f,n,y,y,n,n,y,y,3
2231489,m,n,n,n,n,n,n,n,4
2231462,f,n,y,n,n,n,n,n,4
2231541,f,n,y,n,n,y,n,n,1
2231366,m,y,y,y,n,y,n,n,1
2325206,m,y,y,n,n,n,n,y,4
2325068,m,n,n,n,y,n,y,n,2
2231523,m,y,y,y,y,y,y,n,5
2231370,m,n,n,y,y,y,n,n,2
2231573,m,n,y,n,y,y,n,n,1
2231537,m,y,y,n,n,n,n,y,2
2231332,f,n,n,y,y,n,y,n,4
2231376,f,n,n,y,y,y,n,y,4
2325162,m,y,y,y,y,n,n,n,2
2325247,f,y,n,n,n,n,y,y,4
2325302,f,n,y,y,n,n,y,n,5
2325050,f,n,n,y,y,n,y,n,2
2325209,m,n,n,n,y,y,n,n,4
2231383,f,y,n,y,n,n,n,y,1
2231371,f,n,y,y,y,n,y,n,1
2325312,f,y,n,n,n,n,n,y,3
2325108,m,y,n,y,y,y,n,y,3
2325064,m,y,n,y,n,n,n,n,1
2231473,f,n,y,n,y,n,y,y,2
2325031,m,n,y,y,n,n,y,n,5
2325263,m,n,n,y,n,n,n,n,4
2231570,f,y,n,y,y,y,n,n,5
2325145,m,y,n,y,y,n,y,n,5
2325029,m,y,y,y,n,n,n,n,5
2231575,m,n,n,n,n,n,n,y,2
2325191,m,y,y,y,n,y,n,n,1
2231486,f,n,n,n,n,n,n,y,2
2325071,f,y,n,y,n,n,n,n,2
2231508,f,y,y,y,n,n,n,y,3
2231394,m,n,y,n,y,n,y,y,1
2325235,f,n,n,n,n,n,n,y,5
2231543,f,n,y,n,y,n,y,y,4
2325190,m,y,y,n,n,y,n,y,3
2325007,f,n,n,n,y,n,y,y,2
2325094,f,y,y,y,y,y,y,y,3
2325210,m,y,n,n,n,n,y,n,3
2325309,f,y,y,n,n,y,n,y,5
2325019,m,y,n,y,n,n,y,y,4
2231495,m,y,y,n,y,n,n,y,3
2325262,m,y,y,n,n,y,n,y,2
2231460,f,y,n,y,y,y,n,y,2
2325296,f,n,n,y,y,y,y,y,4
2325174,m,y,n,n,n,y,n,y,1
2231327,f,n,n,y,n,y,y,n,1
2325112,f,y,y,n,y,y,y,n,4
2325324,f,y,n,n,y,n,n,y,3
2325266,f,y,y,y,n,n,n,n,1
2325054,m,y,n,n,y,y,y,n,2
2325186,f,y,n,y,n,y,y,n,5
2231546,f,y,n,y,n,y,n,y,4
2325171,m,n,n,y,n,n,n,n,5
2325015,m,y,n,n,n,y,n,n,4
2231522,f,y,y,n,n,n,n,n,5
2325224,f,y,y,n,n,n,n,n,3
2325239,f,n,y,n,n,y,y,n,2
2231359,f,n,y,y,n,n,n,y,2
2231542,f,n,y,y,y,y,y,n,1
2231333,f,n,n,y,n,y,y,y,3
2325270,f,n,n,y,n,n,n,n,3
2325213,m,y,y,n,n,y,n,y,3
2325292,f,y,n,n,y,y,y,y,4
2231397,m,y,n,n,n,n,n,n,4
2231395,f,y,y,n,y,n,n,n,3
2325095,f,y,y,y,n,n,n,n,2
2325069,f,n,n,n,n,y,y,n,3
2231567,f,y,y,y,y,y,n,y,5
2231580,m,n,n,y,n,y,y,n,4
2231358,m,n,n,y,y,n,n,y,3
2231363,f,y,n,y,n,y,y,y,4
2231422,f,n,n,y,n,y,y,y,2
2231477,m,y,n,n,n,n,n,n,1
2325155,f,n,n,y,n,y,y,n,5
2231351,m,y,y,n,y,n,n,y,4
2325043,m,n,y,n,y,y,n,y,3
1812345,m,n,n,n,n,y,n,n,4
1912084,f,y,y,y,y,y,y,y,3
1912094,m,y,n,n,n,y,y,n,2
1912105,f,y,y,y,y,y,y,y,1
1912125,f,n,y,n,n,y,n,y,2
1912159,m,n,y,n,y,y,n,n,5
1912202,f,y,n,n,y,n,n,y,5
1912243,m,n,y,n,n,y,y,y,4
1912280,m,y,n,n,y,n,n,y,3
1912289,m,n,n,n,n,y,n,n,4
1912308,m,y,y,y,y,y,y,y,3
1912308,m,n,y,n,n,y,n,y,2
1912359,m,n,n,y,n,n,y,n,2
1912377,m,y,n,n,n,n,y,n,4
1912385,m,y,n,n,y,n,n,n,3
1912391,m,y,y,y,y,y,y,y,3
1912502,m,y,n,n,n,y,y,n,2
1912580,m,y,y,y,y,y,y,y,1
1912629,f,y,y,n,y,n,y,y,4
1912653,f,n,y,n,n,y,n,n,2
1912715,m,n,n,y,y,y,n,y,3
1912736,m,y,n,n,y,n,n,y,3
1912740,m,n,n,n,n,y,n,n,4
1912745,m,y,y,y,y,y,y,y,3
1912751,m,n,y,n,n,y,n,y,2
1912798,m,n,n,y,n,n,y,n,2
1912815,m,n,y,y,y,n,n,n,4
1912829,m,y,n,n,y,n,y,n,1
1912845,f,n,y,n,n,y,n,y,4
1912862,f,y,n,n,n,n,y,n,1
1912870,m,n,n,y,n,y,n,n,5
1912878,m,y,n,y,n,n,y,y,6
1912910,f,n,n,n,n,y,y,y,3
1912966,f,y,n,y,y,n,n,n,3
1912968,m,y,y,n,y,y,n,y,4
1912981,m,n,y,y,n,n,y,y,4
1912986,f,y,y,y,y,y,n,y,5
1913007,m,n,y,y,y,y,y,y,1
1913011,m,n,n,n,n,n,n,n,1
1913040,m,y,y,n,y,n,y,n,2
1913063,f,n,y,y,n,y,y,y,3
1921020,m,n,y,n,y,n,n,n,4
1921081,m,n,n,y,n,n,y,y,1
1921100,f,y,n,n,y,y,y,n,5
1921120,m,n,n,y,n,n,y,y,4
1921136,m,n,n,n,y,n,n,n,3
1921144,m,y,n,y,n,n,y,y,4
1921189,m,y,n,n,y,n,n,n,1
1921214,m,y,y,y,n,y,n,y,3
1921214,f,n,n,y,y,n,y,y,4
1921211,m,n,n,y,n,y,n,n,1
1913036,f,y,n,n,y,n,n,y,5
1921220,m,n,y,n,n,y,y,y,4
1921230,f,y,n,n,y,n,n,y,3
1921235,m,n,n,n,n,y,n,n,4
1921241,m,y,y,y,y,y,y,y,3
1921252,f,y,n,n,n,y,y,n,2
1921260,m,y,y,y,y,y,y,y,1
1921269,f,n,y,n,n,y,n,y,2
1921288,m,n,y,n,y,y,n,n,1
1921310,m,n,n,y,y,y,y,y,1
1921311,m,y,n,n,n,n,n,n,2
1921323,m,y,y,y,n,y,n,y,3
1921335,m,n,n,y,y,n,y,y,4
1921363,m,n,n,y,n,y,n,n,1
1921370,m,y,n,n,y,n,n,y,5
1921388,f,n,y,n,n,y,y,y,4
1921402,m,n,y,n,y,n,n,n,4
1921404,m,n,n,y,n,n,y,y,1
1921412,f,y,n,n,y,y,y,n,5
1921416,m,n,n,y,n,n,y,y,4
1921436,m,n,n,n,y,n,n,n,3
1921438,m,y,n,y,n,n,y,y,4
1921464,m,y,n,n,y,n,n,n,1
1921468,m,y,y,y,n,y,n,y,3
1921482,f,n,n,y,y,n,y,y,4
1921497,m,n,n,y,n,y,n,n,1
1921500,f,y,n,n,y,n,n,y,5
1921504,m,n,y,n,n,y,y,y,4
1921509,f,y,n,n,y,n,n,y,3
1921531,m,n,n,n,n,y,n,n,4
1921532,m,y,y,y,y,y,y,y,3
1921535,f,y,n,n,n,y,y,n,2
1921548,m,y,y,y,y,y,y,y,1
1921550,f,n,y,n,n,y,n,y,2
1921553,m,n,y,n,y,y,n,n,1
1921554,m,n,n,y,y,y,y,y,1
1921556,f,n,y,y,n,n,n,y,1
1921559,m,n,y,y,y,n,y,y,1
1921563,m,y,n,n,n,n,n,n,2
1921569,m,y,y,y,n,y,y,y,3
1921587,f,y,y,y,n,y,n,y,1
1921589,f,n,y,y,y,n,n,n,2
1921596,f,y,y,y,y,y,y,y,3
1921597,m,y,n,n,n,y,n,n,1
1921601,m,y,n,n,y,y,y,n,4
1921603,f,y,n,n,y,y,n,n,3
1921636,m,n,y,y,n,n,n,y,2
1921716,m,n,y,y,y,n,y,n,4
1921716,m,n,n,n,y,y,y,y,3
1921736,m,y,y,y,n,n,n,n,1
1921740,m,y,y,y,y,n,y,n,2
1921740,f,n,y,n,n,y,n,n,3
1921744,f,n,n,y,y,y,n,y,3
1921749,f,n,y,n,n,y,n,y,2
1921770,m,n,n,y,n,y,n,n,1
1921791,f,y,n,n,y,n,n,y,5
1921793,m,n,y,n,n,y,y,y,4
1921797,f,y,n,n,y,n,n,y,3
1921801,m,n,n,n,n,y,n,n,4
1921809,m,y,y,y,y,y,y,y,3
1921813,f,y,n,n,n,y,y,n,2
1921816,m,y,y,y,y,y,y,y,1
1921829,f,n,y,n,n,y,n,y,2
1921830,m,n,y,n,y,y,n,n,1
1921818,m,n,n,y,y,y,y,y,1
1921826,f,n,y,y,n,n,n,y,1
1921837,m,n,y,y,y,n,y,y,1
1921851,m,y,n,n,n,n,n,n,2
1921864,m,y,y,y,n,y,y,y,3
1921878,f,y,y,y,n,y,n,y,1
1921871,m,n,n,y,y,y,y,y,1
1921879,f,n,y,y,n,n,n,y,1
1921881,m,n,y,y,y,n,y,y,1
1921883,m,y,n,n,n,n,n,n,2
1921884,m,y,y,y,n,y,y,y,3
1921891,f,y,y,y,n,y,n,y,1
1921897,m,n,n,n,y,n,n,n,3
1921899,m,y,n,y,n,n,y,y,4
1921905,m,y,n,n,y,n,n,n,1
1921931,m,y,y,y,n,y,n,y,3
1921932,f,n,n,y,y,n,y,y,4
1921949,m,n,n,y,n,y,n,n,1
1921972,f,y,n,n,y,n,n,y,5
1921983,m,n,y,n,n,y,y,y,4
1922002,f,y,n,n,y,n,n,y,3
1922009,m,n,n,n,n,y,n,n,4
1922217,m,y,y,y,y,y,y,y,3
1922230,f,y,n,n,n,y,y,n,2
1922263,m,y,y,y,y,y,y,y,1
1922270,m,n,y,n,n,y,y,y,4
1925072,f,y,n,n,y,n,n,y,3
1931007,f,n,y,n,n,y,n,n,3
1931067,f,n,n,y,y,y,n,y,3
1931139,f,n,y,n,n,y,n,y,2
1931154,m,n,n,y,n,y,n,n,1
1931157,f,y,n,n,y,n,n,y,5
1931194,m,n,y,n,n,y,y,y,4
1931207,f,y,n,n,y,n,n,y,3
1931215,m,n,n,n,n,y,n,n,4
1931247,m,y,y,y,y,y,y,y,3
1931265,f,y,n,n,n,y,y,n,2
1931280,m,y,y,y,y,y,y,y,1
1931295,m,n,n,y,n,y,n,n,1
1931308,f,y,n,n,y,n,n,y,5
1931313,m,n,y,n,n,y,y,y,4
1931315,f,y,n,n,y,n,n,y,3
1931321,m,n,n,n,n,y,n,n,4
1931347,m,y,y,y,y,y,y,y,3
1931358,f,y,n,n,n,y,y,n,2
1931365,m,y,y,y,y,y,y,y,1
1931371,f,n,y,n,n,y,n,y,2
1931383,m,n,y,n,y,y,n,n,1
1931394,m,n,n,y,y,y,y,y,1
1931400,m,y,n,n,n,n,n,n,2
1931405,m,y,y,y,n,y,n,y,3
1931433,m,n,n,y,y,n,y,y,4
1931445,m,n,n,y,n,y,n,n,1
1931455,m,y,n,n,y,n,n,y,5
1931461,f,n,y,n,n,y,y,y,4
1931491,m,n,y,n,y,n,n,n,4
1931500,f,n,y,n,n,y,n,y,2
1931509,m,n,n,y,n,y,n,n,1
1931524,f,y,n,n,y,n,n,y,5
1931533,m,n,y,n,n,y,y,y,4
1931545,f,y,n,n,y,n,n,y,3
1931553,m,n,n,n,n,y,n,n,4
1931564,m,y,y,y,y,y,y,y,3
1931565,f,y,n,n,n,y,y,n,2
1931566,m,y,y,y,y,y,y,y,1
1931582,m,n,n,y,n,y,n,n,1
1931597,f,y,n,n,y,n,n,y,5
1931608,f,n,y,n,n,y,y,y,4
1931630,m,n,n,y,y,y,n,y,3
1931655,m,y,n,n,y,n,n,y,3
1931664,m,n,n,n,n,y,n,n,4
1931675,m,y,y,y,y,y,y,y,3
1931683,m,n,y,n,n,y,n,y,2
1931725,m,n,n,y,n,n,y,n,2
1931740,m,n,y,y,y,n,n,n,4
1931752,m,y,n,n,y,n,y,n,1
1931759,f,n,y,n,n,y,n,y,4
1931764,f,y,n,n,n,n,y,n,1
1931810,m,n,n,y,n,y,n,n,5
1931806,m,y,n,y,n,n,y,y,6
1931797,f,n,n,n,n,y,y,y,3
1931833,f,y,n,y,y,n,n,n,3
1931840,m,y,y,n,y,y,n,y,4
1931844,m,n,y,y,n,n,y,y,4
1931846,f,y,y,y,y,y,n,y,5
1931849,m,n,y,y,y,y,y,y,1
1931850,m,n,n,n,n,n,n,n,1
1931872,m,y,y,n,y,n,y,n,2
1931875,f,n,y,y,n,y,y,y,3
1931881,m,n,y,n,y,n,n,n,4
1931892,m,n,n,y,n,n,y,y,1
1931904,f,y,n,n,y,y,y,n,5
1931914,m,n,n,y,n,n,y,y,4
1931917,m,n,n,n,y,n,n,n,3
1931921,m,y,n,y,n,n,y,y,4
1931924,m,y,n,n,y,n,n,n,1
1931931,m,y,y,y,n,y,n,y,3
1931933,f,n,n,y,y,n,y,y,4
1931943,m,n,n,y,n,y,n,n,1
1931948,f,y,n,n,y,n,n,y,5
1931957,m,n,y,n,n,y,y,y,4
1931961,f,y,n,n,y,n,n,y,3
1931968,m,n,n,n,n,y,n,n,4
1931970,m,y,y,y,y,y,y,y,3
1935133,f,y,n,n,n,y,y,n,2
1935311,m,y,y,y,y,y,y,y,1
1935377,f,n,y,n,n,y,n,y,2
2011004,m,n,y,n,y,y,n,n,1
2011013,m,n,n,y,y,y,y,y,1
2011038,m,y,n,n,n,n,n,n,2
2011046,m,y,y,y,n,y,n,y,3
2011057,m,n,n,y,y,n,y,y,4
2011053,m,n,n,y,n,y,n,n,1
2011063,m,y,n,n,y,n,n,y,5
2011067,f,n,y,n,n,y,y,y,4
2011078,m,n,y,n,y,n,n,n,4
2011082,m,n,n,y,n,n,y,y,1
2011087,m,y,y,y,y,y,y,y,3
2011097,f,y,n,n,n,y,y,n,2
2011108,m,y,y,y,y,y,y,y,1
2011113,f,n,y,n,n,y,n,y,2
2011126,m,n,y,n,y,y,n,n,1
2011138,m,n,n,y,y,y,y,y,1
2011144,m,y,n,n,n,n,n,n,2
2011138,m,y,y,y,n,y,n,y,3
2011154,m,n,n,y,y,n,y,y,4
2011144,m,n,n,y,n,y,n,n,1
2011121,m,y,n,n,y,n,n,y,5
